"מזהה","מספר","שם הספר","מחבר/ת","מאייר/ת","הוצאה לאור","שנת הוצאה","ISBN","מספר עמודים","גיל","משך פעילות","ציון הפעלה","קטגוריה","תוכנית","עונה / מועד","נושאים","תקציר","מסר מרכזי","בובות","אביזרים","רגע WOW","שאלות לילדים","תסריט / מהלך מלא","קשב – ירוק","קשב – צהוב","קשב – אדום","התאמות והכלה","רשימת אריזה","קישור רכישה / איתור","מקור כריכה","כריכה מוטמעת בקובץ","מועדף","הערות אישיות","מצגת שמורה","סוג מצגת","שם קובץ מצגת","מספר עמודים / תמונות","סנכרון מצגת","עודכן מצגת"
"s01","1","דירה להשכיר","לאה גולדברג","","","","","","4–6","45 דקות","96","קבלת השונה","שעת סיפור והמחשה","פתיחת שנה / כל השנה","קבלת האחר | שכנות | חברות | שונות","דיירי בית משותף פוגשים מועמדים שונים המבקשים להצטרף לבניין, ובדרך נחשפות דעות קדומות לצד האפשרות לבחור בשכנות טובה.","שכנות טובה נבנית מכבוד, קבלה והתנהגות — לא ממראה או מתווית.","תרנגולת | קוקייה | חתולה | סנאית | ארנבת | יונה","בית/מגדל מקרטון | שלט דירה להשכיר | מפתחות צעצוע","הקומה האחרונה נפתחת ובובה חדשה מציצה ממנה.","מה הופך מישהו לשכן טוב? | איך מרגישים כשלא מקבלים אותנו? | מה אפשר לעשות כדי לעזור למישהו חדש להרגיש שייך?","0–3 — כניסה ומסתורין: לא מתחילים בקריאה. מציגים חפץ/רמז ומעוררים סקרנות. [פתיחה] | 3–6 — הופעת הבובה הראשונה: הבובה מציגה בעיה קטנה או שאלה שמכניסה את הילדים לסיפור. [בובה] | 6–10 — חימום אינטראקטיבי: 2–3 שאלות קצרות, קולות או תנועה. אין תשובה 'נכונה'. [השתתפות] | 10–14 — חשיפת הספר: מראים את כריכת „דירה להשכיר” ומחברים בין מה שקרה לבין הספר. [ספר] | 14–21 — סיפור והמחזה – חלק א׳: מספרים במקטעים: ספר → בובה → שאלה → תגובת ילדים. [סיפור] | 21–25 — עצירת ניבוי: עוצרים בנקודת מתח ושואלים 3–4 ילדים מה לדעתם יקרה. [חשיבה] | 25–30 — רגע WOW: הקומה האחרונה נפתחת ובובה חדשה מציצה ממנה. [WOW] | 30–34 — סיפור והמחזה – חלק ב׳: ממשיכים אל הפתרון תוך שיתוף הילדים בפעולה או בקול חוזר. [סיפור] | 34–38 — משחק קצר: פעילות תנועה/בחירה/חיקוי הקשורה ישירות לנושא הסיפור. [משחק] | 38–42 — שאלות ומשמעות: עוברים מה קרה → איך הרגישו → למה → מה זה מזכיר לנו. [שיחה] | 42–44 — המסר דרך הבובה: הבובה מגלה משהו בעצמה. לא מכריזים 'מוסר ההשכל'. [מסר] | 44–45 — טקס סיום: „מי עשה היום את הסיפור?” — „אנחנו!” ואז פרידה קצרה. [סיום]","הקבוצה קשובה: ממשיכים בגרסה המלאה, מאפשרים ניחושים, תשובות ואלתור.","הקשב יורד: מפסיקים דיבור ומכניסים 30–60 שניות של תנועה, קול או פעולה עם בובה.","הקבוצה יצאה מאיזון: סוגרים זמנית את הספר, עושים משימה קבוצתית קצרה וברורה, ואז חוזרים לישיבה.","מקטעים קצרים והחלפה בין הקשבה, בובה, חפץ ותנועה. | אפשר להשתתף גם בהצבעה, חיקוי או צפייה — אין חובה לדבר. | לרגישות חושית: להפחית סאונד והפתעות ולהציג מראש את סדר הפעילות. | לקשיי שפה: להשתמש במשפטים קצרים ובשאלות בחירה. | לצורך ספציפי בגן: לתאם מראש עם הצוות ולא להניח אבחנה לפי התנהגות.","הספר המקורי | תרנגולת | קוקייה | חתולה | סנאית | ארנבת | יונה | בית/מגדל מקרטון | שלט דירה להשכיר | מפתחות צעצוע | טלפון טעון | רמקול – אופציונלי | כרטיס ההפעלה","https://www.e-vrit.co.il/Product/33207/","real-cover","כן","לא","","לא","","","","",""
"s02","2","הבית של יעל","מרים רות","","","","","","2.5–5","45 דקות","96","ביטחון ועצמאות","שעת סיפור והמחשה","פתיחת שנה / משפחה","עצמאות | דמיון | בית | ביטחון","יעל מחפשת מקום שיהיה רק שלה ומגלה כיצד חפצים ומקומות פשוטים יכולים להפוך לבית בעזרת דמיון.","בית הוא גם מקום שבו מרגישים בטוחים ושייכים.","יעל | דמות מבוגר","קופסת קרטון גדולה | שמיכה | שלט בית","קופסה פשוטה נפתחת והופכת לבית קטן.","מה צריך כדי שמקום ירגיש כמו בית? | איפה אתם אוהבים להתחבא? | מה הייתם מכניסים לבית קטן משלכם?","0–3 — כניסה ומסתורין: לא מתחילים בקריאה. מציגים חפץ/רמז ומעוררים סקרנות. [פתיחה] | 3–6 — הופעת הבובה הראשונה: הבובה מציגה בעיה קטנה או שאלה שמכניסה את הילדים לסיפור. [בובה] | 6–10 — חימום אינטראקטיבי: 2–3 שאלות קצרות, קולות או תנועה. אין תשובה 'נכונה'. [השתתפות] | 10–14 — חשיפת הספר: מראים את כריכת „הבית של יעל” ומחברים בין מה שקרה לבין הספר. [ספר] | 14–21 — סיפור והמחזה – חלק א׳: מספרים במקטעים: ספר → בובה → שאלה → תגובת ילדים. [סיפור] | 21–25 — עצירת ניבוי: עוצרים בנקודת מתח ושואלים 3–4 ילדים מה לדעתם יקרה. [חשיבה] | 25–30 — רגע WOW: קופסה פשוטה נפתחת והופכת לבית קטן. [WOW] | 30–34 — סיפור והמחזה – חלק ב׳: ממשיכים אל הפתרון תוך שיתוף הילדים בפעולה או בקול חוזר. [סיפור] | 34–38 — משחק קצר: פעילות תנועה/בחירה/חיקוי הקשורה ישירות לנושא הסיפור. [משחק] | 38–42 — שאלות ומשמעות: עוברים מה קרה → איך הרגישו → למה → מה זה מזכיר לנו. [שיחה] | 42–44 — המסר דרך הבובה: הבובה מגלה משהו בעצמה. לא מכריזים 'מוסר ההשכל'. [מסר] | 44–45 — טקס סיום: „מי עשה היום את הסיפור?” — „אנחנו!” ואז פרידה קצרה. [סיום]","הקבוצה קשובה: ממשיכים בגרסה המלאה, מאפשרים ניחושים, תשובות ואלתור.","הקשב יורד: מפסיקים דיבור ומכניסים 30–60 שניות של תנועה, קול או פעולה עם בובה.","הקבוצה יצאה מאיזון: סוגרים זמנית את הספר, עושים משימה קבוצתית קצרה וברורה, ואז חוזרים לישיבה.","מקטעים קצרים והחלפה בין הקשבה, בובה, חפץ ותנועה. | אפשר להשתתף גם בהצבעה, חיקוי או צפייה — אין חובה לדבר. | לרגישות חושית: להפחית סאונד והפתעות ולהציג מראש את סדר הפעילות. | לקשיי שפה: להשתמש במשפטים קצרים ובשאלות בחירה. | לצורך ספציפי בגן: לתאם מראש עם הצוות ולא להניח אבחנה לפי התנהגות.","הספר המקורי | יעל | דמות מבוגר | קופסת קרטון גדולה | שמיכה | שלט בית | טלפון טעון | רמקול – אופציונלי | כרטיס ההפעלה","https://www.e-vrit.co.il/Product/9923/","real-cover","כן","לא","","לא","","","","",""
"s03","3","האריה שאהב תות","תרצה אתר","","","","","","3–6","45 דקות","99","הומור וקבלה עצמית","שעת סיפור והמחשה","כל השנה","גמישות | התנסות | רצונות | הקשבה","אריה צעיר רוצה רק תות, נשאר נעול על הרצון שלו, ולומד דרך ההתנסות שלא תמיד מה שאנחנו מדמיינים תואם למציאות.","לפעמים כדאי לנסות לפני שמחליטים.","אריה | דמות אם / לביאה | מוריס העכבר – אופציונלי","סלסלה | תותים מלאכותיים | קערה | כרטיסי מזון","קערה מלאה בתותים מלאכותיים נחשפת ברגע השיא.","מה האריה רצה? | איך הוא הרגיש כשקיבל את מה שרצה? | קרה לכם פעם ששיניתם את דעתכם?","0–3 — כניסה ומסתורין: לא מתחילים בקריאה. מציגים חפץ/רמז ומעוררים סקרנות. [פתיחה] | 3–6 — הופעת הבובה הראשונה: הבובה מציגה בעיה קטנה או שאלה שמכניסה את הילדים לסיפור. [בובה] | 6–10 — חימום אינטראקטיבי: 2–3 שאלות קצרות, קולות או תנועה. אין תשובה 'נכונה'. [השתתפות] | 10–14 — חשיפת הספר: מראים את כריכת „האריה שאהב תות” ומחברים בין מה שקרה לבין הספר. [ספר] | 14–21 — סיפור והמחזה – חלק א׳: מספרים במקטעים: ספר → בובה → שאלה → תגובת ילדים. [סיפור] | 21–25 — עצירת ניבוי: עוצרים בנקודת מתח ושואלים 3–4 ילדים מה לדעתם יקרה. [חשיבה] | 25–30 — רגע WOW: קערה מלאה בתותים מלאכותיים נחשפת ברגע השיא. [WOW] | 30–34 — סיפור והמחזה – חלק ב׳: ממשיכים אל הפתרון תוך שיתוף הילדים בפעולה או בקול חוזר. [סיפור] | 34–38 — משחק קצר: פעילות תנועה/בחירה/חיקוי הקשורה ישירות לנושא הסיפור. [משחק] | 38–42 — שאלות ומשמעות: עוברים מה קרה → איך הרגישו → למה → מה זה מזכיר לנו. [שיחה] | 42–44 — המסר דרך הבובה: הבובה מגלה משהו בעצמה. לא מכריזים 'מוסר ההשכל'. [מסר] | 44–45 — טקס סיום: „מי עשה היום את הסיפור?” — „אנחנו!” ואז פרידה קצרה. [סיום]","הקבוצה קשובה: ממשיכים בגרסה המלאה, מאפשרים ניחושים, תשובות ואלתור.","הקשב יורד: מפסיקים דיבור ומכניסים 30–60 שניות של תנועה, קול או פעולה עם בובה.","הקבוצה יצאה מאיזון: סוגרים זמנית את הספר, עושים משימה קבוצתית קצרה וברורה, ואז חוזרים לישיבה.","מקטעים קצרים והחלפה בין הקשבה, בובה, חפץ ותנועה. | אפשר להשתתף גם בהצבעה, חיקוי או צפייה — אין חובה לדבר. | לרגישות חושית: להפחית סאונד והפתעות ולהציג מראש את סדר הפעילות. | לקשיי שפה: להשתמש במשפטים קצרים ובשאלות בחירה. | לצורך ספציפי בגן: לתאם מראש עם הצוות ולא להניח אבחנה לפי התנהגות.","הספר המקורי | אריה | דמות אם / לביאה | מוריס העכבר – אופציונלי | סלסלה | תותים מלאכותיים | קערה | כרטיסי מזון | טלפון טעון | רמקול – אופציונלי | כרטיס ההפעלה","https://www.google.com/search?q=site%3Ae-vrit.co.il%20%22%D7%94%D7%90%D7%A8%D7%99%D7%94%20%D7%A9%D7%90%D7%94%D7%91%20%D7%AA%D7%95%D7%AA%22","real-cover","כן","לא","","לא","","","","",""
"s04","4","מעשה בחמישה בלונים","מרים רות","","","","","","2–5","45 דקות","96","פרידה והתמודדות","שעת סיפור והמחשה","כל השנה","פרידה | אכזבה | שינוי | רגשות","חמישה ילדים מקבלים בלונים, וכל בלון עובר אירוע אחר עד שהילדים נאלצים להתמודד עם שינוי ופרידה.","אפשר להצטער כשמשהו נגמר, ואז להמשיך הלאה.","5 בובות ילדים – אופציונלי","5 בלונים בצבעים שונים | סל | סרטים","כל בלון מופיע מתוך תיק נפרד, ובסוף נשאר רגע פרידה משותף.","איך מרגישים כשמשהו שאהבנו נגמר? | מה עוזר כשמאוכזבים? | איזה צבע בלון הייתם בוחרים?","0–3 — כניסה ומסתורין: לא מתחילים בקריאה. מציגים חפץ/רמז ומעוררים סקרנות. [פתיחה] | 3–6 — הופעת הבובה הראשונה: הבובה מציגה בעיה קטנה או שאלה שמכניסה את הילדים לסיפור. [בובה] | 6–10 — חימום אינטראקטיבי: 2–3 שאלות קצרות, קולות או תנועה. אין תשובה 'נכונה'. [השתתפות] | 10–14 — חשיפת הספר: מראים את כריכת „מעשה בחמישה בלונים” ומחברים בין מה שקרה לבין הספר. [ספר] | 14–21 — סיפור והמחזה – חלק א׳: מספרים במקטעים: ספר → בובה → שאלה → תגובת ילדים. [סיפור] | 21–25 — עצירת ניבוי: עוצרים בנקודת מתח ושואלים 3–4 ילדים מה לדעתם יקרה. [חשיבה] | 25–30 — רגע WOW: כל בלון מופיע מתוך תיק נפרד, ובסוף נשאר רגע פרידה משותף. [WOW] | 30–34 — סיפור והמחזה – חלק ב׳: ממשיכים אל הפתרון תוך שיתוף הילדים בפעולה או בקול חוזר. [סיפור] | 34–38 — משחק קצר: פעילות תנועה/בחירה/חיקוי הקשורה ישירות לנושא הסיפור. [משחק] | 38–42 — שאלות ומשמעות: עוברים מה קרה → איך הרגישו → למה → מה זה מזכיר לנו. [שיחה] | 42–44 — המסר דרך הבובה: הבובה מגלה משהו בעצמה. לא מכריזים 'מוסר ההשכל'. [מסר] | 44–45 — טקס סיום: „מי עשה היום את הסיפור?” — „אנחנו!” ואז פרידה קצרה. [סיום]","הקבוצה קשובה: ממשיכים בגרסה המלאה, מאפשרים ניחושים, תשובות ואלתור.","הקשב יורד: מפסיקים דיבור ומכניסים 30–60 שניות של תנועה, קול או פעולה עם בובה.","הקבוצה יצאה מאיזון: סוגרים זמנית את הספר, עושים משימה קבוצתית קצרה וברורה, ואז חוזרים לישיבה.","מקטעים קצרים והחלפה בין הקשבה, בובה, חפץ ותנועה. | אפשר להשתתף גם בהצבעה, חיקוי או צפייה — אין חובה לדבר. | לרגישות חושית: להפחית סאונד והפתעות ולהציג מראש את סדר הפעילות. | לקשיי שפה: להשתמש במשפטים קצרים ובשאלות בחירה. | לצורך ספציפי בגן: לתאם מראש עם הצוות ולא להניח אבחנה לפי התנהגות.","הספר המקורי | 5 בובות ילדים – אופציונלי | 5 בלונים בצבעים שונים | סל | סרטים | טלפון טעון | רמקול – אופציונלי | כרטיס ההפעלה","https://www.e-vrit.co.il/Product/9925/","real-cover","כן","לא","","לא","","","","",""
"s05","5","תירס חם","מרים רות","","","","","","2.5–6","45 דקות","99","חברות ושפה","שעת סיפור והמחשה","קיץ / כל השנה","חברות | ציפייה | קצב | תושייה","ילדים מצטרפים למסע קצבי בעקבות ציפייה לתירס חם, ומגלים מה קורה כשהדמיון, ההבטחה והמציאות נפגשים.","חברות ותושייה עוזרות לנו להתמודד גם כשמשהו לא מסתדר כמתוכנן.","מספר בובות ילדים","סיר צעצוע | קלחי תירס מלאכותיים | כף עץ | כלי הקשה","סיר גדול נפתח ומתגלה בו התירס.","מה חשבו הילדים שיקרה? | מה עושים כשמשהו לא קורה כמו שציפינו? | איך אפשר לעזור לחברים?","0–3 — כניסה ומסתורין: לא מתחילים בקריאה. מציגים חפץ/רמז ומעוררים סקרנות. [פתיחה] | 3–6 — הופעת הבובה הראשונה: הבובה מציגה בעיה קטנה או שאלה שמכניסה את הילדים לסיפור. [בובה] | 6–10 — חימום אינטראקטיבי: 2–3 שאלות קצרות, קולות או תנועה. אין תשובה 'נכונה'. [השתתפות] | 10–14 — חשיפת הספר: מראים את כריכת „תירס חם” ומחברים בין מה שקרה לבין הספר. [ספר] | 14–21 — סיפור והמחזה – חלק א׳: מספרים במקטעים: ספר → בובה → שאלה → תגובת ילדים. [סיפור] | 21–25 — עצירת ניבוי: עוצרים בנקודת מתח ושואלים 3–4 ילדים מה לדעתם יקרה. [חשיבה] | 25–30 — רגע WOW: סיר גדול נפתח ומתגלה בו התירס. [WOW] | 30–34 — סיפור והמחזה – חלק ב׳: ממשיכים אל הפתרון תוך שיתוף הילדים בפעולה או בקול חוזר. [סיפור] | 34–38 — משחק קצר: פעילות תנועה/בחירה/חיקוי הקשורה ישירות לנושא הסיפור. [משחק] | 38–42 — שאלות ומשמעות: עוברים מה קרה → איך הרגישו → למה → מה זה מזכיר לנו. [שיחה] | 42–44 — המסר דרך הבובה: הבובה מגלה משהו בעצמה. לא מכריזים 'מוסר ההשכל'. [מסר] | 44–45 — טקס סיום: „מי עשה היום את הסיפור?” — „אנחנו!” ואז פרידה קצרה. [סיום]","הקבוצה קשובה: ממשיכים בגרסה המלאה, מאפשרים ניחושים, תשובות ואלתור.","הקשב יורד: מפסיקים דיבור ומכניסים 30–60 שניות של תנועה, קול או פעולה עם בובה.","הקבוצה יצאה מאיזון: סוגרים זמנית את הספר, עושים משימה קבוצתית קצרה וברורה, ואז חוזרים לישיבה.","מקטעים קצרים והחלפה בין הקשבה, בובה, חפץ ותנועה. | אפשר להשתתף גם בהצבעה, חיקוי או צפייה — אין חובה לדבר. | לרגישות חושית: להפחית סאונד והפתעות ולהציג מראש את סדר הפעילות. | לקשיי שפה: להשתמש במשפטים קצרים ובשאלות בחירה. | לצורך ספציפי בגן: לתאם מראש עם הצוות ולא להניח אבחנה לפי התנהגות.","הספר המקורי | מספר בובות ילדים | סיר צעצוע | קלחי תירס מלאכותיים | כף עץ | כלי הקשה | טלפון טעון | רמקול – אופציונלי | כרטיס ההפעלה","https://www.e-vrit.co.il/product/12977/","real-cover","כן","לא","","לא","","","","",""
"s06","6","איה פלוטו","לאה גולדברג","","","","","","2.5–6","45 דקות","96","מסע וגילוי","שעת סיפור והמחשה","אביב / כל השנה","סקרנות | מסע | בית | בעלי חיים","כלב צעיר יוצא למסע, פוגש בעלי חיים ומקומות חדשים, ובסופו מגלה מחדש את המשמעות של הבית.","סקרנות פותחת עולם, ובית נותן תחושת שייכות.","כלב | פרה | צפרדע | סוס | חיות נוספות","שביל בד | שלטי תחנות | קערת מים","מפת מסע נפרשת על הרצפה והילדים מובילים את פלוטו הביתה.","את מי פלוטו פגש? | מה מעניין בטיול למקום חדש? | מה אתם אוהבים בבית שלכם?","0–3 — כניסה ומסתורין: לא מתחילים בקריאה. מציגים חפץ/רמז ומעוררים סקרנות. [פתיחה] | 3–6 — הופעת הבובה הראשונה: הבובה מציגה בעיה קטנה או שאלה שמכניסה את הילדים לסיפור. [בובה] | 6–10 — חימום אינטראקטיבי: 2–3 שאלות קצרות, קולות או תנועה. אין תשובה 'נכונה'. [השתתפות] | 10–14 — חשיפת הספר: מראים את כריכת „איה פלוטו” ומחברים בין מה שקרה לבין הספר. [ספר] | 14–21 — סיפור והמחזה – חלק א׳: מספרים במקטעים: ספר → בובה → שאלה → תגובת ילדים. [סיפור] | 21–25 — עצירת ניבוי: עוצרים בנקודת מתח ושואלים 3–4 ילדים מה לדעתם יקרה. [חשיבה] | 25–30 — רגע WOW: מפת מסע נפרשת על הרצפה והילדים מובילים את פלוטו הביתה. [WOW] | 30–34 — סיפור והמחזה – חלק ב׳: ממשיכים אל הפתרון תוך שיתוף הילדים בפעולה או בקול חוזר. [סיפור] | 34–38 — משחק קצר: פעילות תנועה/בחירה/חיקוי הקשורה ישירות לנושא הסיפור. [משחק] | 38–42 — שאלות ומשמעות: עוברים מה קרה → איך הרגישו → למה → מה זה מזכיר לנו. [שיחה] | 42–44 — המסר דרך הבובה: הבובה מגלה משהו בעצמה. לא מכריזים 'מוסר ההשכל'. [מסר] | 44–45 — טקס סיום: „מי עשה היום את הסיפור?” — „אנחנו!” ואז פרידה קצרה. [סיום]","הקבוצה קשובה: ממשיכים בגרסה המלאה, מאפשרים ניחושים, תשובות ואלתור.","הקשב יורד: מפסיקים דיבור ומכניסים 30–60 שניות של תנועה, קול או פעולה עם בובה.","הקבוצה יצאה מאיזון: סוגרים זמנית את הספר, עושים משימה קבוצתית קצרה וברורה, ואז חוזרים לישיבה.","מקטעים קצרים והחלפה בין הקשבה, בובה, חפץ ותנועה. | אפשר להשתתף גם בהצבעה, חיקוי או צפייה — אין חובה לדבר. | לרגישות חושית: להפחית סאונד והפתעות ולהציג מראש את סדר הפעילות. | לקשיי שפה: להשתמש במשפטים קצרים ובשאלות בחירה. | לצורך ספציפי בגן: לתאם מראש עם הצוות ולא להניח אבחנה לפי התנהגות.","הספר המקורי | כלב | פרה | צפרדע | סוס | חיות נוספות | שביל בד | שלטי תחנות | קערת מים | טלפון טעון | רמקול – אופציונלי | כרטיס ההפעלה","https://www.google.com/search?q=site%3Ae-vrit.co.il%20%22%D7%90%D7%99%D7%94%20%D7%A4%D7%9C%D7%95%D7%98%D7%95%22","real-cover","כן","לא","","לא","","","","",""
"s07","7","מיץ פטל","חיה שנהב","","","","","","3–6","45 דקות","96","חברות ודמיון","שעת סיפור והמחשה","כל השנה","חברות | סקרנות | מסתורין | היכרות","אריה וג'ירפה מסתקרנים לגבי דמות מסתורית ומנסים להבין מיהו מיץ פטל, עד שהמפגש הופך להזדמנות לחברות.","סקרנות יכולה להוביל להיכרות — כשניגשים לאחר בכבוד.","אריה | ג'ירפה | ארנב","בית קטן | דלת | בקבוק/כוס מיץ צעצוע","דלת הבית נפתחת והדמות המסתורית מופיעה.","למה הם הסתקרנו? | איך מכירים חבר חדש? | מה עדיף: לנחש על מישהו או לדבר איתו?","0–3 — כניסה ומסתורין: לא מתחילים בקריאה. מציגים חפץ/רמז ומעוררים סקרנות. [פתיחה] | 3–6 — הופעת הבובה הראשונה: הבובה מציגה בעיה קטנה או שאלה שמכניסה את הילדים לסיפור. [בובה] | 6–10 — חימום אינטראקטיבי: 2–3 שאלות קצרות, קולות או תנועה. אין תשובה 'נכונה'. [השתתפות] | 10–14 — חשיפת הספר: מראים את כריכת „מיץ פטל” ומחברים בין מה שקרה לבין הספר. [ספר] | 14–21 — סיפור והמחזה – חלק א׳: מספרים במקטעים: ספר → בובה → שאלה → תגובת ילדים. [סיפור] | 21–25 — עצירת ניבוי: עוצרים בנקודת מתח ושואלים 3–4 ילדים מה לדעתם יקרה. [חשיבה] | 25–30 — רגע WOW: דלת הבית נפתחת והדמות המסתורית מופיעה. [WOW] | 30–34 — סיפור והמחזה – חלק ב׳: ממשיכים אל הפתרון תוך שיתוף הילדים בפעולה או בקול חוזר. [סיפור] | 34–38 — משחק קצר: פעילות תנועה/בחירה/חיקוי הקשורה ישירות לנושא הסיפור. [משחק] | 38–42 — שאלות ומשמעות: עוברים מה קרה → איך הרגישו → למה → מה זה מזכיר לנו. [שיחה] | 42–44 — המסר דרך הבובה: הבובה מגלה משהו בעצמה. לא מכריזים 'מוסר ההשכל'. [מסר] | 44–45 — טקס סיום: „מי עשה היום את הסיפור?” — „אנחנו!” ואז פרידה קצרה. [סיום]","הקבוצה קשובה: ממשיכים בגרסה המלאה, מאפשרים ניחושים, תשובות ואלתור.","הקשב יורד: מפסיקים דיבור ומכניסים 30–60 שניות של תנועה, קול או פעולה עם בובה.","הקבוצה יצאה מאיזון: סוגרים זמנית את הספר, עושים משימה קבוצתית קצרה וברורה, ואז חוזרים לישיבה.","מקטעים קצרים והחלפה בין הקשבה, בובה, חפץ ותנועה. | אפשר להשתתף גם בהצבעה, חיקוי או צפייה — אין חובה לדבר. | לרגישות חושית: להפחית סאונד והפתעות ולהציג מראש את סדר הפעילות. | לקשיי שפה: להשתמש במשפטים קצרים ובשאלות בחירה. | לצורך ספציפי בגן: לתאם מראש עם הצוות ולא להניח אבחנה לפי התנהגות.","הספר המקורי | אריה | ג'ירפה | ארנב | בית קטן | דלת | בקבוק/כוס מיץ צעצוע | טלפון טעון | רמקול – אופציונלי | כרטיס ההפעלה","https://www.google.com/search?q=site%3Ae-vrit.co.il%20%22%D7%9E%D7%99%D7%A5%20%D7%A4%D7%98%D7%9C%22","real-cover","כן","לא","","לא","","","","",""
"s08","8","אליעזר והגזר","לוין קיפניס","","","","","","2.5–6","45 דקות","100","שיתוף פעולה","שעת סיפור והמחשה","ט״ו בשבט / כל השנה","שיתוף פעולה | התמדה | עזרה הדדית | עבודת צוות","אליעזר מנסה להוציא גזר גדול מן האדמה. הוא אינו מצליח לבד, ועוד ועוד דמויות מצטרפות עד שהמאמץ המשותף מביא להצלחה.","יש דברים שקשה לעשות לבד — וביחד אפשר להצליח.","אליעזר | אלישבע | ילד/ה | כלב | חתול | עכבר","גזר גדול | בד חום/עציץ | חבל קצר","גזר ענק יוצא לפתע מן האדמה אחרי משיכה משותפת.","למה אליעזר לא הצליח לבד? | מי הגיע לעזור? | מתי כדאי לבקש עזרה?","0–3 — כניסה ומסתורין: לא מתחילים בקריאה. מציגים חפץ/רמז ומעוררים סקרנות. [פתיחה] | 3–6 — הופעת הבובה הראשונה: הבובה מציגה בעיה קטנה או שאלה שמכניסה את הילדים לסיפור. [בובה] | 6–10 — חימום אינטראקטיבי: 2–3 שאלות קצרות, קולות או תנועה. אין תשובה 'נכונה'. [השתתפות] | 10–14 — חשיפת הספר: מראים את כריכת „אליעזר והגזר” ומחברים בין מה שקרה לבין הספר. [ספר] | 14–21 — סיפור והמחזה – חלק א׳: מספרים במקטעים: ספר → בובה → שאלה → תגובת ילדים. [סיפור] | 21–25 — עצירת ניבוי: עוצרים בנקודת מתח ושואלים 3–4 ילדים מה לדעתם יקרה. [חשיבה] | 25–30 — רגע WOW: גזר ענק יוצא לפתע מן האדמה אחרי משיכה משותפת. [WOW] | 30–34 — סיפור והמחזה – חלק ב׳: ממשיכים אל הפתרון תוך שיתוף הילדים בפעולה או בקול חוזר. [סיפור] | 34–38 — משחק קצר: פעילות תנועה/בחירה/חיקוי הקשורה ישירות לנושא הסיפור. [משחק] | 38–42 — שאלות ומשמעות: עוברים מה קרה → איך הרגישו → למה → מה זה מזכיר לנו. [שיחה] | 42–44 — המסר דרך הבובה: הבובה מגלה משהו בעצמה. לא מכריזים 'מוסר ההשכל'. [מסר] | 44–45 — טקס סיום: „מי עשה היום את הסיפור?” — „אנחנו!” ואז פרידה קצרה. [סיום]","הקבוצה קשובה: ממשיכים בגרסה המלאה, מאפשרים ניחושים, תשובות ואלתור.","הקשב יורד: מפסיקים דיבור ומכניסים 30–60 שניות של תנועה, קול או פעולה עם בובה.","הקבוצה יצאה מאיזון: סוגרים זמנית את הספר, עושים משימה קבוצתית קצרה וברורה, ואז חוזרים לישיבה.","מקטעים קצרים והחלפה בין הקשבה, בובה, חפץ ותנועה. | אפשר להשתתף גם בהצבעה, חיקוי או צפייה — אין חובה לדבר. | לרגישות חושית: להפחית סאונד והפתעות ולהציג מראש את סדר הפעילות. | לקשיי שפה: להשתמש במשפטים קצרים ובשאלות בחירה. | לצורך ספציפי בגן: לתאם מראש עם הצוות ולא להניח אבחנה לפי התנהגות.","הספר המקורי | אליעזר | אלישבע | ילד/ה | כלב | חתול | עכבר | גזר גדול | בד חום/עציץ | חבל קצר | טלפון טעון | רמקול – אופציונלי | כרטיס ההפעלה","https://www.google.com/search?q=site%3Ae-vrit.co.il%20%22%D7%90%D7%9C%D7%99%D7%A2%D7%96%D7%A8%20%D7%95%D7%94%D7%92%D7%96%D7%A8%22","real-cover","כן","לא","","לא","","","","",""
"s09","9","הצב של אורן","מירה מאיר","","","","","","2.5–5","45 דקות","96","אחריות ודמיון","שעת סיפור והמחשה","אביב","טבע | סקרנות | אחריות | סבלנות","ילד ומבוגר יוצאים בעקבות צב ומגלים את הקצב השונה של עולם הטבע ואת האחריות שלנו כלפי בעלי חיים.","מתבוננים בטבע בסבלנות ומתייחסים לבעלי חיים בעדינות.","צב | ילד | דמות מבוגר","עלים | אבן | בד ירוק","צב קטן מופיע באיטיות מתוך ערימת עלים.","למה צב מתקדם לאט? | איך נוגעים בבעל חיים בעדינות? | מה אפשר ללמוד כשמחכים בסבלנות?","0–3 — כניסה ומסתורין: לא מתחילים בקריאה. מציגים חפץ/רמז ומעוררים סקרנות. [פתיחה] | 3–6 — הופעת הבובה הראשונה: הבובה מציגה בעיה קטנה או שאלה שמכניסה את הילדים לסיפור. [בובה] | 6–10 — חימום אינטראקטיבי: 2–3 שאלות קצרות, קולות או תנועה. אין תשובה 'נכונה'. [השתתפות] | 10–14 — חשיפת הספר: מראים את כריכת „הצב של אורן” ומחברים בין מה שקרה לבין הספר. [ספר] | 14–21 — סיפור והמחזה – חלק א׳: מספרים במקטעים: ספר → בובה → שאלה → תגובת ילדים. [סיפור] | 21–25 — עצירת ניבוי: עוצרים בנקודת מתח ושואלים 3–4 ילדים מה לדעתם יקרה. [חשיבה] | 25–30 — רגע WOW: צב קטן מופיע באיטיות מתוך ערימת עלים. [WOW] | 30–34 — סיפור והמחזה – חלק ב׳: ממשיכים אל הפתרון תוך שיתוף הילדים בפעולה או בקול חוזר. [סיפור] | 34–38 — משחק קצר: פעילות תנועה/בחירה/חיקוי הקשורה ישירות לנושא הסיפור. [משחק] | 38–42 — שאלות ומשמעות: עוברים מה קרה → איך הרגישו → למה → מה זה מזכיר לנו. [שיחה] | 42–44 — המסר דרך הבובה: הבובה מגלה משהו בעצמה. לא מכריזים 'מוסר ההשכל'. [מסר] | 44–45 — טקס סיום: „מי עשה היום את הסיפור?” — „אנחנו!” ואז פרידה קצרה. [סיום]","הקבוצה קשובה: ממשיכים בגרסה המלאה, מאפשרים ניחושים, תשובות ואלתור.","הקשב יורד: מפסיקים דיבור ומכניסים 30–60 שניות של תנועה, קול או פעולה עם בובה.","הקבוצה יצאה מאיזון: סוגרים זמנית את הספר, עושים משימה קבוצתית קצרה וברורה, ואז חוזרים לישיבה.","מקטעים קצרים והחלפה בין הקשבה, בובה, חפץ ותנועה. | אפשר להשתתף גם בהצבעה, חיקוי או צפייה — אין חובה לדבר. | לרגישות חושית: להפחית סאונד והפתעות ולהציג מראש את סדר הפעילות. | לקשיי שפה: להשתמש במשפטים קצרים ובשאלות בחירה. | לצורך ספציפי בגן: לתאם מראש עם הצוות ולא להניח אבחנה לפי התנהגות.","הספר המקורי | צב | ילד | דמות מבוגר | עלים | אבן | בד ירוק | טלפון טעון | רמקול – אופציונלי | כרטיס ההפעלה","https://www.google.com/search?q=site%3Ae-vrit.co.il%20%22%D7%94%D7%A6%D7%91%20%D7%A9%D7%9C%20%D7%90%D7%95%D7%A8%D7%9F%22","real-cover","כן","לא","","לא","","","","",""
"s10","10","שמוליקיפוד","ט. כרמי ושושנה הימן","","","","","","3–6","45 דקות","96","חברות וריפוי","שעת סיפור והמחשה","כל השנה","חברות | בדידות | אמפתיה | פרידה","ילד וקיפוד נפגשים ונוצרת ביניהם חברות רגישה, שמאפשרת לדבר על קרבה, אכפתיות וגם על פרידה.","חברות יכולה לצמוח ממפגש קטן של הקשבה ואכפתיות.","ילד | קיפוד","שמיכה | תפוח צעצוע | עלים","הקיפוד מציץ מתוך קן עלים ליד הילד.","איך יודעים שמישהו צריך חברה? | מה עושה חבר טוב? | איך נפרדים מחבר ועדיין זוכרים אותו?","0–3 — כניסה ומסתורין: לא מתחילים בקריאה. מציגים חפץ/רמז ומעוררים סקרנות. [פתיחה] | 3–6 — הופעת הבובה הראשונה: הבובה מציגה בעיה קטנה או שאלה שמכניסה את הילדים לסיפור. [בובה] | 6–10 — חימום אינטראקטיבי: 2–3 שאלות קצרות, קולות או תנועה. אין תשובה 'נכונה'. [השתתפות] | 10–14 — חשיפת הספר: מראים את כריכת „שמוליקיפוד” ומחברים בין מה שקרה לבין הספר. [ספר] | 14–21 — סיפור והמחזה – חלק א׳: מספרים במקטעים: ספר → בובה → שאלה → תגובת ילדים. [סיפור] | 21–25 — עצירת ניבוי: עוצרים בנקודת מתח ושואלים 3–4 ילדים מה לדעתם יקרה. [חשיבה] | 25–30 — רגע WOW: הקיפוד מציץ מתוך קן עלים ליד הילד. [WOW] | 30–34 — סיפור והמחזה – חלק ב׳: ממשיכים אל הפתרון תוך שיתוף הילדים בפעולה או בקול חוזר. [סיפור] | 34–38 — משחק קצר: פעילות תנועה/בחירה/חיקוי הקשורה ישירות לנושא הסיפור. [משחק] | 38–42 — שאלות ומשמעות: עוברים מה קרה → איך הרגישו → למה → מה זה מזכיר לנו. [שיחה] | 42–44 — המסר דרך הבובה: הבובה מגלה משהו בעצמה. לא מכריזים 'מוסר ההשכל'. [מסר] | 44–45 — טקס סיום: „מי עשה היום את הסיפור?” — „אנחנו!” ואז פרידה קצרה. [סיום]","הקבוצה קשובה: ממשיכים בגרסה המלאה, מאפשרים ניחושים, תשובות ואלתור.","הקשב יורד: מפסיקים דיבור ומכניסים 30–60 שניות של תנועה, קול או פעולה עם בובה.","הקבוצה יצאה מאיזון: סוגרים זמנית את הספר, עושים משימה קבוצתית קצרה וברורה, ואז חוזרים לישיבה.","מקטעים קצרים והחלפה בין הקשבה, בובה, חפץ ותנועה. | אפשר להשתתף גם בהצבעה, חיקוי או צפייה — אין חובה לדבר. | לרגישות חושית: להפחית סאונד והפתעות ולהציג מראש את סדר הפעילות. | לקשיי שפה: להשתמש במשפטים קצרים ובשאלות בחירה. | לצורך ספציפי בגן: לתאם מראש עם הצוות ולא להניח אבחנה לפי התנהגות.","הספר המקורי | ילד | קיפוד | שמיכה | תפוח צעצוע | עלים | טלפון טעון | רמקול – אופציונלי | כרטיס ההפעלה","https://www.e-vrit.co.il/product/12973/","real-cover","כן","לא","","לא","","","","",""
"s11","11","כספיון הדג הקטן","פאול קור","","","","","","2.5–6","45 דקות","99","אומץ וגילוי","שעת סיפור והמחשה","קיץ","אומץ | עזרה | חברות | ים","דג קטן פוגש בעולם הים מצב שמבקש ממנו אומץ ועזרה לאחר, ומגלה שגם מי שקטן יכול לעשות מעשה גדול.","הגודל שלנו לא קובע כמה אנחנו יכולים לעזור.","דג קטן | לווייתן | דגים נוספים","בד כחול | בועות סבון – אם מותר | צדפים","בד כחול גדול הופך את כל האזור לים.","מתי צריך אומץ? | איך קטן יכול לעזור לגדול? | למי הייתם עוזרים בים?","0–3 — כניסה ומסתורין: לא מתחילים בקריאה. מציגים חפץ/רמז ומעוררים סקרנות. [פתיחה] | 3–6 — הופעת הבובה הראשונה: הבובה מציגה בעיה קטנה או שאלה שמכניסה את הילדים לסיפור. [בובה] | 6–10 — חימום אינטראקטיבי: 2–3 שאלות קצרות, קולות או תנועה. אין תשובה 'נכונה'. [השתתפות] | 10–14 — חשיפת הספר: מראים את כריכת „כספיון הדג הקטן” ומחברים בין מה שקרה לבין הספר. [ספר] | 14–21 — סיפור והמחזה – חלק א׳: מספרים במקטעים: ספר → בובה → שאלה → תגובת ילדים. [סיפור] | 21–25 — עצירת ניבוי: עוצרים בנקודת מתח ושואלים 3–4 ילדים מה לדעתם יקרה. [חשיבה] | 25–30 — רגע WOW: בד כחול גדול הופך את כל האזור לים. [WOW] | 30–34 — סיפור והמחזה – חלק ב׳: ממשיכים אל הפתרון תוך שיתוף הילדים בפעולה או בקול חוזר. [סיפור] | 34–38 — משחק קצר: פעילות תנועה/בחירה/חיקוי הקשורה ישירות לנושא הסיפור. [משחק] | 38–42 — שאלות ומשמעות: עוברים מה קרה → איך הרגישו → למה → מה זה מזכיר לנו. [שיחה] | 42–44 — המסר דרך הבובה: הבובה מגלה משהו בעצמה. לא מכריזים 'מוסר ההשכל'. [מסר] | 44–45 — טקס סיום: „מי עשה היום את הסיפור?” — „אנחנו!” ואז פרידה קצרה. [סיום]","הקבוצה קשובה: ממשיכים בגרסה המלאה, מאפשרים ניחושים, תשובות ואלתור.","הקשב יורד: מפסיקים דיבור ומכניסים 30–60 שניות של תנועה, קול או פעולה עם בובה.","הקבוצה יצאה מאיזון: סוגרים זמנית את הספר, עושים משימה קבוצתית קצרה וברורה, ואז חוזרים לישיבה.","מקטעים קצרים והחלפה בין הקשבה, בובה, חפץ ותנועה. | אפשר להשתתף גם בהצבעה, חיקוי או צפייה — אין חובה לדבר. | לרגישות חושית: להפחית סאונד והפתעות ולהציג מראש את סדר הפעילות. | לקשיי שפה: להשתמש במשפטים קצרים ובשאלות בחירה. | לצורך ספציפי בגן: לתאם מראש עם הצוות ולא להניח אבחנה לפי התנהגות.","הספר המקורי | דג קטן | לווייתן | דגים נוספים | בד כחול | בועות סבון – אם מותר | צדפים | טלפון טעון | רמקול – אופציונלי | כרטיס ההפעלה","https://www.e-vrit.co.il/Product/10502/","real-cover","כן","לא","","לא","","","","",""
"s12","12","הפיל שרצה להיות הכי","פאול קור","","","","","","3–6","45 דקות","100","קבלה עצמית","שעת סיפור והמחשה","פורים / כל השנה","קבלה עצמית | זהות | שונות | ביטחון עצמי","פיל שאינו מרוצה ממראהו מנסה להיות אחר, ובדרך מגלה שהייחוד שלו אינו פגם ושאין צורך להפוך למישהו אחר כדי להיות ראוי.","אפשר להשתנות ולשחק, אבל לא צריך למחוק את עצמנו כדי להיות שווים.","פיל | חיות יער","בדים צבעוניים | מראה לא שבירה | כרטיסי צבע","הפיל משנה צבעים במהירות בעזרת בדים שונים.","מה מיוחד בנו? | למה לפעמים רוצים להיות כמו מישהו אחר? | איך אפשר לאהוב משהו שמיוחד בנו?","0–3 — כניסה ומסתורין: לא מתחילים בקריאה. מציגים חפץ/רמז ומעוררים סקרנות. [פתיחה] | 3–6 — הופעת הבובה הראשונה: הבובה מציגה בעיה קטנה או שאלה שמכניסה את הילדים לסיפור. [בובה] | 6–10 — חימום אינטראקטיבי: 2–3 שאלות קצרות, קולות או תנועה. אין תשובה 'נכונה'. [השתתפות] | 10–14 — חשיפת הספר: מראים את כריכת „הפיל שרצה להיות הכי” ומחברים בין מה שקרה לבין הספר. [ספר] | 14–21 — סיפור והמחזה – חלק א׳: מספרים במקטעים: ספר → בובה → שאלה → תגובת ילדים. [סיפור] | 21–25 — עצירת ניבוי: עוצרים בנקודת מתח ושואלים 3–4 ילדים מה לדעתם יקרה. [חשיבה] | 25–30 — רגע WOW: הפיל משנה צבעים במהירות בעזרת בדים שונים. [WOW] | 30–34 — סיפור והמחזה – חלק ב׳: ממשיכים אל הפתרון תוך שיתוף הילדים בפעולה או בקול חוזר. [סיפור] | 34–38 — משחק קצר: פעילות תנועה/בחירה/חיקוי הקשורה ישירות לנושא הסיפור. [משחק] | 38–42 — שאלות ומשמעות: עוברים מה קרה → איך הרגישו → למה → מה זה מזכיר לנו. [שיחה] | 42–44 — המסר דרך הבובה: הבובה מגלה משהו בעצמה. לא מכריזים 'מוסר ההשכל'. [מסר] | 44–45 — טקס סיום: „מי עשה היום את הסיפור?” — „אנחנו!” ואז פרידה קצרה. [סיום]","הקבוצה קשובה: ממשיכים בגרסה המלאה, מאפשרים ניחושים, תשובות ואלתור.","הקשב יורד: מפסיקים דיבור ומכניסים 30–60 שניות של תנועה, קול או פעולה עם בובה.","הקבוצה יצאה מאיזון: סוגרים זמנית את הספר, עושים משימה קבוצתית קצרה וברורה, ואז חוזרים לישיבה.","מקטעים קצרים והחלפה בין הקשבה, בובה, חפץ ותנועה. | אפשר להשתתף גם בהצבעה, חיקוי או צפייה — אין חובה לדבר. | לרגישות חושית: להפחית סאונד והפתעות ולהציג מראש את סדר הפעילות. | לקשיי שפה: להשתמש במשפטים קצרים ובשאלות בחירה. | לצורך ספציפי בגן: לתאם מראש עם הצוות ולא להניח אבחנה לפי התנהגות.","הספר המקורי | פיל | חיות יער | בדים צבעוניים | מראה לא שבירה | כרטיסי צבע | טלפון טעון | רמקול – אופציונלי | כרטיס ההפעלה","https://www.google.com/search?q=site%3Ae-vrit.co.il%20%22%D7%94%D7%A4%D7%99%D7%9C%20%D7%A9%D7%A8%D7%A6%D7%94%20%D7%9C%D7%94%D7%99%D7%95%D7%AA%20%D7%94%D7%9B%D7%99%22","real-cover","כן","לא","","לא","","","","",""
"s13","13","לבד על המרבד","בריאן וילדסמית","","","","","","2–4.5","45 דקות","96","סבלנות והומור","שעת סיפור והמחשה","כל השנה","מרחב אישי | גבולות | ביחד ולבד | סבלנות","עוד ועוד חיות מצטרפות אל מרבד אחד, והמצב מאפשר לשוחח בפשטות על מקום אישי, צפיפות, ביחד ולבד.","מותר לרצות חברה, ומותר גם לבקש קצת מקום.","חתול | כלב | עז | פרה | פיל","מרבד קטן | כרטיסי עצור/בואו","המרבד הולך ומתמלא בבובות עד שכמעט אין מקום.","איך יודעים שמישהו רוצה קצת מקום? | איך מבקשים להצטרף? | מתי נעים להיות יחד ומתי לבד?","0–3 — כניסה ומסתורין: לא מתחילים בקריאה. מציגים חפץ/רמז ומעוררים סקרנות. [פתיחה] | 3–6 — הופעת הבובה הראשונה: הבובה מציגה בעיה קטנה או שאלה שמכניסה את הילדים לסיפור. [בובה] | 6–10 — חימום אינטראקטיבי: 2–3 שאלות קצרות, קולות או תנועה. אין תשובה 'נכונה'. [השתתפות] | 10–14 — חשיפת הספר: מראים את כריכת „לבד על המרבד” ומחברים בין מה שקרה לבין הספר. [ספר] | 14–21 — סיפור והמחזה – חלק א׳: מספרים במקטעים: ספר → בובה → שאלה → תגובת ילדים. [סיפור] | 21–25 — עצירת ניבוי: עוצרים בנקודת מתח ושואלים 3–4 ילדים מה לדעתם יקרה. [חשיבה] | 25–30 — רגע WOW: המרבד הולך ומתמלא בבובות עד שכמעט אין מקום. [WOW] | 30–34 — סיפור והמחזה – חלק ב׳: ממשיכים אל הפתרון תוך שיתוף הילדים בפעולה או בקול חוזר. [סיפור] | 34–38 — משחק קצר: פעילות תנועה/בחירה/חיקוי הקשורה ישירות לנושא הסיפור. [משחק] | 38–42 — שאלות ומשמעות: עוברים מה קרה → איך הרגישו → למה → מה זה מזכיר לנו. [שיחה] | 42–44 — המסר דרך הבובה: הבובה מגלה משהו בעצמה. לא מכריזים 'מוסר ההשכל'. [מסר] | 44–45 — טקס סיום: „מי עשה היום את הסיפור?” — „אנחנו!” ואז פרידה קצרה. [סיום]","הקבוצה קשובה: ממשיכים בגרסה המלאה, מאפשרים ניחושים, תשובות ואלתור.","הקשב יורד: מפסיקים דיבור ומכניסים 30–60 שניות של תנועה, קול או פעולה עם בובה.","הקבוצה יצאה מאיזון: סוגרים זמנית את הספר, עושים משימה קבוצתית קצרה וברורה, ואז חוזרים לישיבה.","מקטעים קצרים והחלפה בין הקשבה, בובה, חפץ ותנועה. | אפשר להשתתף גם בהצבעה, חיקוי או צפייה — אין חובה לדבר. | לרגישות חושית: להפחית סאונד והפתעות ולהציג מראש את סדר הפעילות. | לקשיי שפה: להשתמש במשפטים קצרים ובשאלות בחירה. | לצורך ספציפי בגן: לתאם מראש עם הצוות ולא להניח אבחנה לפי התנהגות.","הספר המקורי | חתול | כלב | עז | פרה | פיל | מרבד קטן | כרטיסי עצור/בואו | טלפון טעון | רמקול – אופציונלי | כרטיס ההפעלה","https://www.e-vrit.co.il/product/12951/","real-cover","כן","לא","","לא","","","","",""
"s14","14","הזחל הרעב","אריק קרל","","","","","","2–5","45 דקות","96","טבע והתפתחות","שעת סיפור והמחשה","ט״ו בשבט / אביב","גדילה | שינוי | טבע | מחזור חיים","זחל קטן אוכל, גדל ומשתנה, והסיפור מאפשר המחשה מוחשית של התפתחות ומחזור החיים.","שינוי הוא חלק טבעי מהגדילה.","זחל | פרפר","פירות צעצוע | עלה | פקעת בד","הזחל נעלם בתוך פקעת ומופיע כפרפר גדול.","מה משתנה כשגדלים? | מה הזחל צריך כדי לגדול? | איזה שינוי בטבע אתם מכירים?","0–3 — כניסה ומסתורין: לא מתחילים בקריאה. מציגים חפץ/רמז ומעוררים סקרנות. [פתיחה] | 3–6 — הופעת הבובה הראשונה: הבובה מציגה בעיה קטנה או שאלה שמכניסה את הילדים לסיפור. [בובה] | 6–10 — חימום אינטראקטיבי: 2–3 שאלות קצרות, קולות או תנועה. אין תשובה 'נכונה'. [השתתפות] | 10–14 — חשיפת הספר: מראים את כריכת „הזחל הרעב” ומחברים בין מה שקרה לבין הספר. [ספר] | 14–21 — סיפור והמחזה – חלק א׳: מספרים במקטעים: ספר → בובה → שאלה → תגובת ילדים. [סיפור] | 21–25 — עצירת ניבוי: עוצרים בנקודת מתח ושואלים 3–4 ילדים מה לדעתם יקרה. [חשיבה] | 25–30 — רגע WOW: הזחל נעלם בתוך פקעת ומופיע כפרפר גדול. [WOW] | 30–34 — סיפור והמחזה – חלק ב׳: ממשיכים אל הפתרון תוך שיתוף הילדים בפעולה או בקול חוזר. [סיפור] | 34–38 — משחק קצר: פעילות תנועה/בחירה/חיקוי הקשורה ישירות לנושא הסיפור. [משחק] | 38–42 — שאלות ומשמעות: עוברים מה קרה → איך הרגישו → למה → מה זה מזכיר לנו. [שיחה] | 42–44 — המסר דרך הבובה: הבובה מגלה משהו בעצמה. לא מכריזים 'מוסר ההשכל'. [מסר] | 44–45 — טקס סיום: „מי עשה היום את הסיפור?” — „אנחנו!” ואז פרידה קצרה. [סיום]","הקבוצה קשובה: ממשיכים בגרסה המלאה, מאפשרים ניחושים, תשובות ואלתור.","הקשב יורד: מפסיקים דיבור ומכניסים 30–60 שניות של תנועה, קול או פעולה עם בובה.","הקבוצה יצאה מאיזון: סוגרים זמנית את הספר, עושים משימה קבוצתית קצרה וברורה, ואז חוזרים לישיבה.","מקטעים קצרים והחלפה בין הקשבה, בובה, חפץ ותנועה. | אפשר להשתתף גם בהצבעה, חיקוי או צפייה — אין חובה לדבר. | לרגישות חושית: להפחית סאונד והפתעות ולהציג מראש את סדר הפעילות. | לקשיי שפה: להשתמש במשפטים קצרים ובשאלות בחירה. | לצורך ספציפי בגן: לתאם מראש עם הצוות ולא להניח אבחנה לפי התנהגות.","הספר המקורי | זחל | פרפר | פירות צעצוע | עלה | פקעת בד | טלפון טעון | רמקול – אופציונלי | כרטיס ההפעלה","https://www.e-vrit.co.il/product/12989/","real-cover","כן","לא","","לא","","","","",""
"s15","15","אילת מטיילת","רינת הופר","","","","","","2–5","45 דקות","96","טיול וסקרנות","שעת סיפור והמחשה","אביב / כל השנה","טיול | שפה | חזרתיות | בעלי חיים","אילת יוצאת לטייל ופוגשת בדרך דמויות ובעלי חיים, ברצף קצבי שמזמין את הילדים לנחש, לחזור ולהשתתף.","טיול הופך להרפתקה כששמים לב למה שפוגשים בדרך.","אילת | חיות שונות","תיק קטן | שביל | כרטיסי חיות","כל חיה יוצאת בהפתעה מכיס אחר בתיק.","את מי פגשנו? | מה אפשר לראות בדרך לגן? | איזו חיה הייתם רוצים לפגוש בטיול?","0–3 — כניסה ומסתורין: לא מתחילים בקריאה. מציגים חפץ/רמז ומעוררים סקרנות. [פתיחה] | 3–6 — הופעת הבובה הראשונה: הבובה מציגה בעיה קטנה או שאלה שמכניסה את הילדים לסיפור. [בובה] | 6–10 — חימום אינטראקטיבי: 2–3 שאלות קצרות, קולות או תנועה. אין תשובה 'נכונה'. [השתתפות] | 10–14 — חשיפת הספר: מראים את כריכת „אילת מטיילת” ומחברים בין מה שקרה לבין הספר. [ספר] | 14–21 — סיפור והמחזה – חלק א׳: מספרים במקטעים: ספר → בובה → שאלה → תגובת ילדים. [סיפור] | 21–25 — עצירת ניבוי: עוצרים בנקודת מתח ושואלים 3–4 ילדים מה לדעתם יקרה. [חשיבה] | 25–30 — רגע WOW: כל חיה יוצאת בהפתעה מכיס אחר בתיק. [WOW] | 30–34 — סיפור והמחזה – חלק ב׳: ממשיכים אל הפתרון תוך שיתוף הילדים בפעולה או בקול חוזר. [סיפור] | 34–38 — משחק קצר: פעילות תנועה/בחירה/חיקוי הקשורה ישירות לנושא הסיפור. [משחק] | 38–42 — שאלות ומשמעות: עוברים מה קרה → איך הרגישו → למה → מה זה מזכיר לנו. [שיחה] | 42–44 — המסר דרך הבובה: הבובה מגלה משהו בעצמה. לא מכריזים 'מוסר ההשכל'. [מסר] | 44–45 — טקס סיום: „מי עשה היום את הסיפור?” — „אנחנו!” ואז פרידה קצרה. [סיום]","הקבוצה קשובה: ממשיכים בגרסה המלאה, מאפשרים ניחושים, תשובות ואלתור.","הקשב יורד: מפסיקים דיבור ומכניסים 30–60 שניות של תנועה, קול או פעולה עם בובה.","הקבוצה יצאה מאיזון: סוגרים זמנית את הספר, עושים משימה קבוצתית קצרה וברורה, ואז חוזרים לישיבה.","מקטעים קצרים והחלפה בין הקשבה, בובה, חפץ ותנועה. | אפשר להשתתף גם בהצבעה, חיקוי או צפייה — אין חובה לדבר. | לרגישות חושית: להפחית סאונד והפתעות ולהציג מראש את סדר הפעילות. | לקשיי שפה: להשתמש במשפטים קצרים ובשאלות בחירה. | לצורך ספציפי בגן: לתאם מראש עם הצוות ולא להניח אבחנה לפי התנהגות.","הספר המקורי | אילת | חיות שונות | תיק קטן | שביל | כרטיסי חיות | טלפון טעון | רמקול – אופציונלי | כרטיס ההפעלה","https://www.e-vrit.co.il/product/8943/","real-cover","כן","לא","","לא","","","","",""
"s16","16","הארנב ממושי","שלומית כהן־אסיף","","","","","","3–6","45 דקות","99","אהבה והרגעה","שעת סיפור והמחשה","כל השנה","חברות | נתינה | קבלה | שייכות","ארנב יוצא אל העולם ומנסה ליצור קשרים, והמפגשים מאפשרים לבחון מהי חברות שמבוססת על מי שאנחנו ולא רק על מה שיש לנו.","חבר אמיתי רוצה להיות איתנו — לא רק לקבל מאיתנו משהו.","ארנב | חיות שונות","סלסלה | חפצי מתנה קטנים","הארנב נשאר בלי המתנות אך מגלה מי נשאר איתו.","מה ההבדל בין מתנה לחברות? | איך יודעים שמישהו חבר אמיתי? | מה אפשר לתת לחבר בלי לקנות דבר?","0–3 — כניסה ומסתורין: לא מתחילים בקריאה. מציגים חפץ/רמז ומעוררים סקרנות. [פתיחה] | 3–6 — הופעת הבובה הראשונה: הבובה מציגה בעיה קטנה או שאלה שמכניסה את הילדים לסיפור. [בובה] | 6–10 — חימום אינטראקטיבי: 2–3 שאלות קצרות, קולות או תנועה. אין תשובה 'נכונה'. [השתתפות] | 10–14 — חשיפת הספר: מראים את כריכת „הארנב ממושי” ומחברים בין מה שקרה לבין הספר. [ספר] | 14–21 — סיפור והמחזה – חלק א׳: מספרים במקטעים: ספר → בובה → שאלה → תגובת ילדים. [סיפור] | 21–25 — עצירת ניבוי: עוצרים בנקודת מתח ושואלים 3–4 ילדים מה לדעתם יקרה. [חשיבה] | 25–30 — רגע WOW: הארנב נשאר בלי המתנות אך מגלה מי נשאר איתו. [WOW] | 30–34 — סיפור והמחזה – חלק ב׳: ממשיכים אל הפתרון תוך שיתוף הילדים בפעולה או בקול חוזר. [סיפור] | 34–38 — משחק קצר: פעילות תנועה/בחירה/חיקוי הקשורה ישירות לנושא הסיפור. [משחק] | 38–42 — שאלות ומשמעות: עוברים מה קרה → איך הרגישו → למה → מה זה מזכיר לנו. [שיחה] | 42–44 — המסר דרך הבובה: הבובה מגלה משהו בעצמה. לא מכריזים 'מוסר ההשכל'. [מסר] | 44–45 — טקס סיום: „מי עשה היום את הסיפור?” — „אנחנו!” ואז פרידה קצרה. [סיום]","הקבוצה קשובה: ממשיכים בגרסה המלאה, מאפשרים ניחושים, תשובות ואלתור.","הקשב יורד: מפסיקים דיבור ומכניסים 30–60 שניות של תנועה, קול או פעולה עם בובה.","הקבוצה יצאה מאיזון: סוגרים זמנית את הספר, עושים משימה קבוצתית קצרה וברורה, ואז חוזרים לישיבה.","מקטעים קצרים והחלפה בין הקשבה, בובה, חפץ ותנועה. | אפשר להשתתף גם בהצבעה, חיקוי או צפייה — אין חובה לדבר. | לרגישות חושית: להפחית סאונד והפתעות ולהציג מראש את סדר הפעילות. | לקשיי שפה: להשתמש במשפטים קצרים ובשאלות בחירה. | לצורך ספציפי בגן: לתאם מראש עם הצוות ולא להניח אבחנה לפי התנהגות.","הספר המקורי | ארנב | חיות שונות | סלסלה | חפצי מתנה קטנים | טלפון טעון | רמקול – אופציונלי | כרטיס ההפעלה","https://www.e-vrit.co.il/Product/12996/","real-cover","כן","לא","","לא","","","","",""
"s17","17","הכינה נחמה","מאיר שלו","","","","","","3.5–6","45 דקות","96","הומור והתמדה","שעת סיפור והמחשה","כל השנה","הומור | נקודת מבט | גוף | שפה","כינה זעירה עוברת הרפתקה קומית ומאפשרת לילדים לראות את העולם מנקודת מבט קטנטנה ומשונה.","לפעמים שינוי נקודת המבט הופך דבר מוכר למשהו מצחיק ומפתיע.","כינה גדולה קומית | דמות אדם","מסרק גדול | זכוכית מגדלת צעצוע","בובת כינה ענקית יוצאת מתוך מסרק.","איך העולם נראה למישהו ממש קטן? | מה מצחיק כשמשנים גודל? | איזה חפץ נראה ענק בעיני כינה?","0–3 — כניסה ומסתורין: לא מתחילים בקריאה. מציגים חפץ/רמז ומעוררים סקרנות. [פתיחה] | 3–6 — הופעת הבובה הראשונה: הבובה מציגה בעיה קטנה או שאלה שמכניסה את הילדים לסיפור. [בובה] | 6–10 — חימום אינטראקטיבי: 2–3 שאלות קצרות, קולות או תנועה. אין תשובה 'נכונה'. [השתתפות] | 10–14 — חשיפת הספר: מראים את כריכת „הכינה נחמה” ומחברים בין מה שקרה לבין הספר. [ספר] | 14–21 — סיפור והמחזה – חלק א׳: מספרים במקטעים: ספר → בובה → שאלה → תגובת ילדים. [סיפור] | 21–25 — עצירת ניבוי: עוצרים בנקודת מתח ושואלים 3–4 ילדים מה לדעתם יקרה. [חשיבה] | 25–30 — רגע WOW: בובת כינה ענקית יוצאת מתוך מסרק. [WOW] | 30–34 — סיפור והמחזה – חלק ב׳: ממשיכים אל הפתרון תוך שיתוף הילדים בפעולה או בקול חוזר. [סיפור] | 34–38 — משחק קצר: פעילות תנועה/בחירה/חיקוי הקשורה ישירות לנושא הסיפור. [משחק] | 38–42 — שאלות ומשמעות: עוברים מה קרה → איך הרגישו → למה → מה זה מזכיר לנו. [שיחה] | 42–44 — המסר דרך הבובה: הבובה מגלה משהו בעצמה. לא מכריזים 'מוסר ההשכל'. [מסר] | 44–45 — טקס סיום: „מי עשה היום את הסיפור?” — „אנחנו!” ואז פרידה קצרה. [סיום]","הקבוצה קשובה: ממשיכים בגרסה המלאה, מאפשרים ניחושים, תשובות ואלתור.","הקשב יורד: מפסיקים דיבור ומכניסים 30–60 שניות של תנועה, קול או פעולה עם בובה.","הקבוצה יצאה מאיזון: סוגרים זמנית את הספר, עושים משימה קבוצתית קצרה וברורה, ואז חוזרים לישיבה.","מקטעים קצרים והחלפה בין הקשבה, בובה, חפץ ותנועה. | אפשר להשתתף גם בהצבעה, חיקוי או צפייה — אין חובה לדבר. | לרגישות חושית: להפחית סאונד והפתעות ולהציג מראש את סדר הפעילות. | לקשיי שפה: להשתמש במשפטים קצרים ובשאלות בחירה. | לצורך ספציפי בגן: לתאם מראש עם הצוות ולא להניח אבחנה לפי התנהגות.","הספר המקורי | כינה גדולה קומית | דמות אדם | מסרק גדול | זכוכית מגדלת צעצוע | טלפון טעון | רמקול – אופציונלי | כרטיס ההפעלה","https://www.google.com/search?q=site%3Ae-vrit.co.il%20%22%D7%94%D7%9B%D7%99%D7%A0%D7%94%20%D7%A0%D7%97%D7%9E%D7%94%22","real-cover","כן","לא","","לא","","","","",""
"s18","18","ויהי ערב","פניה ברגשטיין","","","","","","3–6","45 דקות","96","יחסי הורה-ילד","שעת סיפור והמחשה","חורף / ערב","לילה | סקרנות | רגש | קשר","סיפור ערב עדין שמאפשר לעסוק בסקרנות, ברגעים שקטים ובקשר בין ילד לעולם שסביבו.","גם ברגעים שקטים אפשר לגלות עולם שלם.","ילדה | תרנגולת/חיות משק","פנס | בד כהה | ירח מנייר","החדר מחשיך מעט ופנס יוצר ירח קטן על הקיר.","מה שומעים בערב? | מה מרגיש אחרת בלילה? | מה עוזר לנו להרגיש בטוחים?","0–3 — כניסה ומסתורין: לא מתחילים בקריאה. מציגים חפץ/רמז ומעוררים סקרנות. [פתיחה] | 3–6 — הופעת הבובה הראשונה: הבובה מציגה בעיה קטנה או שאלה שמכניסה את הילדים לסיפור. [בובה] | 6–10 — חימום אינטראקטיבי: 2–3 שאלות קצרות, קולות או תנועה. אין תשובה 'נכונה'. [השתתפות] | 10–14 — חשיפת הספר: מראים את כריכת „ויהי ערב” ומחברים בין מה שקרה לבין הספר. [ספר] | 14–21 — סיפור והמחזה – חלק א׳: מספרים במקטעים: ספר → בובה → שאלה → תגובת ילדים. [סיפור] | 21–25 — עצירת ניבוי: עוצרים בנקודת מתח ושואלים 3–4 ילדים מה לדעתם יקרה. [חשיבה] | 25–30 — רגע WOW: החדר מחשיך מעט ופנס יוצר ירח קטן על הקיר. [WOW] | 30–34 — סיפור והמחזה – חלק ב׳: ממשיכים אל הפתרון תוך שיתוף הילדים בפעולה או בקול חוזר. [סיפור] | 34–38 — משחק קצר: פעילות תנועה/בחירה/חיקוי הקשורה ישירות לנושא הסיפור. [משחק] | 38–42 — שאלות ומשמעות: עוברים מה קרה → איך הרגישו → למה → מה זה מזכיר לנו. [שיחה] | 42–44 — המסר דרך הבובה: הבובה מגלה משהו בעצמה. לא מכריזים 'מוסר ההשכל'. [מסר] | 44–45 — טקס סיום: „מי עשה היום את הסיפור?” — „אנחנו!” ואז פרידה קצרה. [סיום]","הקבוצה קשובה: ממשיכים בגרסה המלאה, מאפשרים ניחושים, תשובות ואלתור.","הקשב יורד: מפסיקים דיבור ומכניסים 30–60 שניות של תנועה, קול או פעולה עם בובה.","הקבוצה יצאה מאיזון: סוגרים זמנית את הספר, עושים משימה קבוצתית קצרה וברורה, ואז חוזרים לישיבה.","מקטעים קצרים והחלפה בין הקשבה, בובה, חפץ ותנועה. | אפשר להשתתף גם בהצבעה, חיקוי או צפייה — אין חובה לדבר. | לרגישות חושית: להפחית סאונד והפתעות ולהציג מראש את סדר הפעילות. | לקשיי שפה: להשתמש במשפטים קצרים ובשאלות בחירה. | לצורך ספציפי בגן: לתאם מראש עם הצוות ולא להניח אבחנה לפי התנהגות.","הספר המקורי | ילדה | תרנגולת/חיות משק | פנס | בד כהה | ירח מנייר | טלפון טעון | רמקול – אופציונלי | כרטיס ההפעלה","https://www.e-vrit.co.il/product/12978/","real-cover","כן","לא","","לא","","","","",""
"s19","19","ברכבת יושבת ארנבת","טובה שינברג","","","","","","2–4.5","45 דקות","96","קצב וחריזה","שעת סיפור והמחשה","כל השנה","קצב | נסיעה | חזרתיות | בעלי חיים","מסע רכבת קצבי עם בעלי חיים ודמויות שחוזרות ומתחלפות, המתאים במיוחד להשתתפות קולית ותנועתית.","אפשר ללמוד ולהשתתף דרך קצב, חזרה ומשחק.","ארנבת | חיות נוספות","רכבת מקרטון | כרטיסים | משרוקית צעצוע","שורת כיסאות הופכת לרכבת וכל הילדים נוסעים יחד.","מי עולה לרכבת? | איזה קול עושה רכבת? | לאן הייתם נוסעים?","0–3 — כניסה ומסתורין: לא מתחילים בקריאה. מציגים חפץ/רמז ומעוררים סקרנות. [פתיחה] | 3–6 — הופעת הבובה הראשונה: הבובה מציגה בעיה קטנה או שאלה שמכניסה את הילדים לסיפור. [בובה] | 6–10 — חימום אינטראקטיבי: 2–3 שאלות קצרות, קולות או תנועה. אין תשובה 'נכונה'. [השתתפות] | 10–14 — חשיפת הספר: מראים את כריכת „ברכבת יושבת ארנבת” ומחברים בין מה שקרה לבין הספר. [ספר] | 14–21 — סיפור והמחזה – חלק א׳: מספרים במקטעים: ספר → בובה → שאלה → תגובת ילדים. [סיפור] | 21–25 — עצירת ניבוי: עוצרים בנקודת מתח ושואלים 3–4 ילדים מה לדעתם יקרה. [חשיבה] | 25–30 — רגע WOW: שורת כיסאות הופכת לרכבת וכל הילדים נוסעים יחד. [WOW] | 30–34 — סיפור והמחזה – חלק ב׳: ממשיכים אל הפתרון תוך שיתוף הילדים בפעולה או בקול חוזר. [סיפור] | 34–38 — משחק קצר: פעילות תנועה/בחירה/חיקוי הקשורה ישירות לנושא הסיפור. [משחק] | 38–42 — שאלות ומשמעות: עוברים מה קרה → איך הרגישו → למה → מה זה מזכיר לנו. [שיחה] | 42–44 — המסר דרך הבובה: הבובה מגלה משהו בעצמה. לא מכריזים 'מוסר ההשכל'. [מסר] | 44–45 — טקס סיום: „מי עשה היום את הסיפור?” — „אנחנו!” ואז פרידה קצרה. [סיום]","הקבוצה קשובה: ממשיכים בגרסה המלאה, מאפשרים ניחושים, תשובות ואלתור.","הקשב יורד: מפסיקים דיבור ומכניסים 30–60 שניות של תנועה, קול או פעולה עם בובה.","הקבוצה יצאה מאיזון: סוגרים זמנית את הספר, עושים משימה קבוצתית קצרה וברורה, ואז חוזרים לישיבה.","מקטעים קצרים והחלפה בין הקשבה, בובה, חפץ ותנועה. | אפשר להשתתף גם בהצבעה, חיקוי או צפייה — אין חובה לדבר. | לרגישות חושית: להפחית סאונד והפתעות ולהציג מראש את סדר הפעילות. | לקשיי שפה: להשתמש במשפטים קצרים ובשאלות בחירה. | לצורך ספציפי בגן: לתאם מראש עם הצוות ולא להניח אבחנה לפי התנהגות.","הספר המקורי | ארנבת | חיות נוספות | רכבת מקרטון | כרטיסים | משרוקית צעצוע | טלפון טעון | רמקול – אופציונלי | כרטיס ההפעלה","https://www.e-vrit.co.il/product/12993/","real-cover","כן","לא","","לא","","","","",""
"s20","20","לילה חשוך אחד","אורה איל","","","","","","3–6","45 דקות","96","לילה וביטחון","שעת סיפור והמחשה","חורף / כל השנה","פחד | דמיון | הומור | לילה","אירוע לילי מקבל ממדים מפחידים בדמיון, עד שמתברר שאפשר להסתכל על הפחד גם בצורה אחרת ומשעשעת.","כשבודקים מה באמת קורה, הפחד לפעמים נעשה קטן יותר.","דמות ילד | חיה/דמות מפתיעה","פנס | בד כהה | צלליות","צל מפחיד מתגלה בסוף כחפץ מוכר ומצחיק.","מה עוזר כשמפחדים? | מה ההבדל בין דמיון למציאות? | איזה צל יכול להיראות מפחיד?","0–3 — כניסה ומסתורין: לא מתחילים בקריאה. מציגים חפץ/רמז ומעוררים סקרנות. [פתיחה] | 3–6 — הופעת הבובה הראשונה: הבובה מציגה בעיה קטנה או שאלה שמכניסה את הילדים לסיפור. [בובה] | 6–10 — חימום אינטראקטיבי: 2–3 שאלות קצרות, קולות או תנועה. אין תשובה 'נכונה'. [השתתפות] | 10–14 — חשיפת הספר: מראים את כריכת „לילה חשוך אחד” ומחברים בין מה שקרה לבין הספר. [ספר] | 14–21 — סיפור והמחזה – חלק א׳: מספרים במקטעים: ספר → בובה → שאלה → תגובת ילדים. [סיפור] | 21–25 — עצירת ניבוי: עוצרים בנקודת מתח ושואלים 3–4 ילדים מה לדעתם יקרה. [חשיבה] | 25–30 — רגע WOW: צל מפחיד מתגלה בסוף כחפץ מוכר ומצחיק. [WOW] | 30–34 — סיפור והמחזה – חלק ב׳: ממשיכים אל הפתרון תוך שיתוף הילדים בפעולה או בקול חוזר. [סיפור] | 34–38 — משחק קצר: פעילות תנועה/בחירה/חיקוי הקשורה ישירות לנושא הסיפור. [משחק] | 38–42 — שאלות ומשמעות: עוברים מה קרה → איך הרגישו → למה → מה זה מזכיר לנו. [שיחה] | 42–44 — המסר דרך הבובה: הבובה מגלה משהו בעצמה. לא מכריזים 'מוסר ההשכל'. [מסר] | 44–45 — טקס סיום: „מי עשה היום את הסיפור?” — „אנחנו!” ואז פרידה קצרה. [סיום]","הקבוצה קשובה: ממשיכים בגרסה המלאה, מאפשרים ניחושים, תשובות ואלתור.","הקשב יורד: מפסיקים דיבור ומכניסים 30–60 שניות של תנועה, קול או פעולה עם בובה.","הקבוצה יצאה מאיזון: סוגרים זמנית את הספר, עושים משימה קבוצתית קצרה וברורה, ואז חוזרים לישיבה.","מקטעים קצרים והחלפה בין הקשבה, בובה, חפץ ותנועה. | אפשר להשתתף גם בהצבעה, חיקוי או צפייה — אין חובה לדבר. | לרגישות חושית: להפחית סאונד והפתעות ולהציג מראש את סדר הפעילות. | לקשיי שפה: להשתמש במשפטים קצרים ובשאלות בחירה. | לצורך ספציפי בגן: לתאם מראש עם הצוות ולא להניח אבחנה לפי התנהגות.","הספר המקורי | דמות ילד | חיה/דמות מפתיעה | פנס | בד כהה | צלליות | טלפון טעון | רמקול – אופציונלי | כרטיס ההפעלה","https://www.e-vrit.co.il/product/12970/","real-cover","כן","לא","","לא","","","","",""
"s21","21","בוקר בהיר אחד","אורה איל","","","","","","2.5–5","45 דקות","96","בוקר ושרשרת עלילה","שעת סיפור והמחשה","אביב","מסע | ציפייה | רצף | טבע","מסע בוקר מצטבר שבו עוד דמות ועוד אירוע מצטרפים לדרך, ומזמינים את הילדים לזכור, לחזור ולנחש.","כשמסתכלים סביב, כל דרך יכולה להפוך לסיפור.","דמויות וחיות שונות","שמש מנייר | שביל | כרטיסי תחנות","השביל נפרש בהדרגה וכל תחנה מתגלה מתחת לכרטיס.","מה קרה קודם ומה אחר כך? | מה רואים בבוקר? | איזו תחנה הייתם מוסיפים למסע?","0–3 — כניסה ומסתורין: לא מתחילים בקריאה. מציגים חפץ/רמז ומעוררים סקרנות. [פתיחה] | 3–6 — הופעת הבובה הראשונה: הבובה מציגה בעיה קטנה או שאלה שמכניסה את הילדים לסיפור. [בובה] | 6–10 — חימום אינטראקטיבי: 2–3 שאלות קצרות, קולות או תנועה. אין תשובה 'נכונה'. [השתתפות] | 10–14 — חשיפת הספר: מראים את כריכת „בוקר בהיר אחד” ומחברים בין מה שקרה לבין הספר. [ספר] | 14–21 — סיפור והמחזה – חלק א׳: מספרים במקטעים: ספר → בובה → שאלה → תגובת ילדים. [סיפור] | 21–25 — עצירת ניבוי: עוצרים בנקודת מתח ושואלים 3–4 ילדים מה לדעתם יקרה. [חשיבה] | 25–30 — רגע WOW: השביל נפרש בהדרגה וכל תחנה מתגלה מתחת לכרטיס. [WOW] | 30–34 — סיפור והמחזה – חלק ב׳: ממשיכים אל הפתרון תוך שיתוף הילדים בפעולה או בקול חוזר. [סיפור] | 34–38 — משחק קצר: פעילות תנועה/בחירה/חיקוי הקשורה ישירות לנושא הסיפור. [משחק] | 38–42 — שאלות ומשמעות: עוברים מה קרה → איך הרגישו → למה → מה זה מזכיר לנו. [שיחה] | 42–44 — המסר דרך הבובה: הבובה מגלה משהו בעצמה. לא מכריזים 'מוסר ההשכל'. [מסר] | 44–45 — טקס סיום: „מי עשה היום את הסיפור?” — „אנחנו!” ואז פרידה קצרה. [סיום]","הקבוצה קשובה: ממשיכים בגרסה המלאה, מאפשרים ניחושים, תשובות ואלתור.","הקשב יורד: מפסיקים דיבור ומכניסים 30–60 שניות של תנועה, קול או פעולה עם בובה.","הקבוצה יצאה מאיזון: סוגרים זמנית את הספר, עושים משימה קבוצתית קצרה וברורה, ואז חוזרים לישיבה.","מקטעים קצרים והחלפה בין הקשבה, בובה, חפץ ותנועה. | אפשר להשתתף גם בהצבעה, חיקוי או צפייה — אין חובה לדבר. | לרגישות חושית: להפחית סאונד והפתעות ולהציג מראש את סדר הפעילות. | לקשיי שפה: להשתמש במשפטים קצרים ובשאלות בחירה. | לצורך ספציפי בגן: לתאם מראש עם הצוות ולא להניח אבחנה לפי התנהגות.","הספר המקורי | דמויות וחיות שונות | שמש מנייר | שביל | כרטיסי תחנות | טלפון טעון | רמקול – אופציונלי | כרטיס ההפעלה","https://www.e-vrit.co.il/product/12969/","real-cover","כן","לא","","לא","","","","",""
"s22","22","מעשה בארנב ובזנב","ע. הלל","","","","","","3–6","45 דקות","96","חריזה והומור","שעת סיפור והמחשה","כל השנה","זהות | הומור | שפה | קבלה","סיפור משעשע סביב ארנב וזנב שמאפשר משחקי שפה ודיון קליל בזהות ובדברים שמאפיינים אותנו.","לפעמים דווקא הדבר הקטן שמייחד אותנו הופך לחלק חשוב ממי שאנחנו.","ארנב","זנבות נשלפים | מראה לא שבירה","הארנב מחליף כמה זנבות מצחיקים לפני שחוזר לעצמו.","מה מיוחד בארנב? | מה מצחיק בשינוי? | איזה דבר מיוחד אתם אוהבים בעצמכם?","0–3 — כניסה ומסתורין: לא מתחילים בקריאה. מציגים חפץ/רמז ומעוררים סקרנות. [פתיחה] | 3–6 — הופעת הבובה הראשונה: הבובה מציגה בעיה קטנה או שאלה שמכניסה את הילדים לסיפור. [בובה] | 6–10 — חימום אינטראקטיבי: 2–3 שאלות קצרות, קולות או תנועה. אין תשובה 'נכונה'. [השתתפות] | 10–14 — חשיפת הספר: מראים את כריכת „מעשה בארנב ובזנב” ומחברים בין מה שקרה לבין הספר. [ספר] | 14–21 — סיפור והמחזה – חלק א׳: מספרים במקטעים: ספר → בובה → שאלה → תגובת ילדים. [סיפור] | 21–25 — עצירת ניבוי: עוצרים בנקודת מתח ושואלים 3–4 ילדים מה לדעתם יקרה. [חשיבה] | 25–30 — רגע WOW: הארנב מחליף כמה זנבות מצחיקים לפני שחוזר לעצמו. [WOW] | 30–34 — סיפור והמחזה – חלק ב׳: ממשיכים אל הפתרון תוך שיתוף הילדים בפעולה או בקול חוזר. [סיפור] | 34–38 — משחק קצר: פעילות תנועה/בחירה/חיקוי הקשורה ישירות לנושא הסיפור. [משחק] | 38–42 — שאלות ומשמעות: עוברים מה קרה → איך הרגישו → למה → מה זה מזכיר לנו. [שיחה] | 42–44 — המסר דרך הבובה: הבובה מגלה משהו בעצמה. לא מכריזים 'מוסר ההשכל'. [מסר] | 44–45 — טקס סיום: „מי עשה היום את הסיפור?” — „אנחנו!” ואז פרידה קצרה. [סיום]","הקבוצה קשובה: ממשיכים בגרסה המלאה, מאפשרים ניחושים, תשובות ואלתור.","הקשב יורד: מפסיקים דיבור ומכניסים 30–60 שניות של תנועה, קול או פעולה עם בובה.","הקבוצה יצאה מאיזון: סוגרים זמנית את הספר, עושים משימה קבוצתית קצרה וברורה, ואז חוזרים לישיבה.","מקטעים קצרים והחלפה בין הקשבה, בובה, חפץ ותנועה. | אפשר להשתתף גם בהצבעה, חיקוי או צפייה — אין חובה לדבר. | לרגישות חושית: להפחית סאונד והפתעות ולהציג מראש את סדר הפעילות. | לקשיי שפה: להשתמש במשפטים קצרים ובשאלות בחירה. | לצורך ספציפי בגן: לתאם מראש עם הצוות ולא להניח אבחנה לפי התנהגות.","הספר המקורי | ארנב | זנבות נשלפים | מראה לא שבירה | טלפון טעון | רמקול – אופציונלי | כרטיס ההפעלה","https://www.e-vrit.co.il/product/15293/","real-cover","כן","לא","","לא","","","","",""
"s23","23","האריה שבפנים","רייצ'ל ברייט וג'ים פילד","","","","","","3–6","45 דקות","100","ביטחון עצמי","שעת סיפור והמחשה","כל השנה","אומץ | ביטחון עצמי | קטן וגדול | חברות","דמות קטנה שמרגישה שקופה מחפשת דרך להשמיע את קולה, ומגלה שאומץ אינו קשור לגודל ושגם מי שנראה חזק יכול לפחד.","אומץ הוא לפעול גם כשאנחנו קטנים או חוששים.","עכבר | אריה","מגפון צעצוע | סלע מקרטון","העכבר הזעיר משמיע פתאום שאגה גדולה.","האם צריך להיות גדול כדי להיות אמיץ? | ממה גם חזקים יכולים לפחד? | מתי מצאתם אומץ?","0–3 — כניסה ומסתורין: לא מתחילים בקריאה. מציגים חפץ/רמז ומעוררים סקרנות. [פתיחה] | 3–6 — הופעת הבובה הראשונה: הבובה מציגה בעיה קטנה או שאלה שמכניסה את הילדים לסיפור. [בובה] | 6–10 — חימום אינטראקטיבי: 2–3 שאלות קצרות, קולות או תנועה. אין תשובה 'נכונה'. [השתתפות] | 10–14 — חשיפת הספר: מראים את כריכת „האריה שבפנים” ומחברים בין מה שקרה לבין הספר. [ספר] | 14–21 — סיפור והמחזה – חלק א׳: מספרים במקטעים: ספר → בובה → שאלה → תגובת ילדים. [סיפור] | 21–25 — עצירת ניבוי: עוצרים בנקודת מתח ושואלים 3–4 ילדים מה לדעתם יקרה. [חשיבה] | 25–30 — רגע WOW: העכבר הזעיר משמיע פתאום שאגה גדולה. [WOW] | 30–34 — סיפור והמחזה – חלק ב׳: ממשיכים אל הפתרון תוך שיתוף הילדים בפעולה או בקול חוזר. [סיפור] | 34–38 — משחק קצר: פעילות תנועה/בחירה/חיקוי הקשורה ישירות לנושא הסיפור. [משחק] | 38–42 — שאלות ומשמעות: עוברים מה קרה → איך הרגישו → למה → מה זה מזכיר לנו. [שיחה] | 42–44 — המסר דרך הבובה: הבובה מגלה משהו בעצמה. לא מכריזים 'מוסר ההשכל'. [מסר] | 44–45 — טקס סיום: „מי עשה היום את הסיפור?” — „אנחנו!” ואז פרידה קצרה. [סיום]","הקבוצה קשובה: ממשיכים בגרסה המלאה, מאפשרים ניחושים, תשובות ואלתור.","הקשב יורד: מפסיקים דיבור ומכניסים 30–60 שניות של תנועה, קול או פעולה עם בובה.","הקבוצה יצאה מאיזון: סוגרים זמנית את הספר, עושים משימה קבוצתית קצרה וברורה, ואז חוזרים לישיבה.","מקטעים קצרים והחלפה בין הקשבה, בובה, חפץ ותנועה. | אפשר להשתתף גם בהצבעה, חיקוי או צפייה — אין חובה לדבר. | לרגישות חושית: להפחית סאונד והפתעות ולהציג מראש את סדר הפעילות. | לקשיי שפה: להשתמש במשפטים קצרים ובשאלות בחירה. | לצורך ספציפי בגן: לתאם מראש עם הצוות ולא להניח אבחנה לפי התנהגות.","הספר המקורי | עכבר | אריה | מגפון צעצוע | סלע מקרטון | טלפון טעון | רמקול – אופציונלי | כרטיס ההפעלה","https://www.e-vrit.co.il/product/14253/","real-cover","כן","לא","","לא","","","","",""
"s24","24","קווין הקואלה תקוע למעלה","רייצ'ל ברייט וג'ים פילד","","","","","","3–6","45 דקות","99","שינוי וגמישות","שעת סיפור והמחשה","פתיחת שנה / כל השנה","שינוי | גמישות | פחד | יציאה מאזור הנוחות","קואלה שמעדיף להישאר במקום המוכר מתקשה לרדת ולנסות משהו חדש, עד שהמציאות עוזרת לו לגלות שהשינוי יכול להיות גם הזדמנות.","אפשר לפחד משינוי ובכל זאת לנסות צעד קטן.","קואלה | חיות יער","ענף/עץ מקרטון | סולם צעצוע","הקואלה יורד סוף סוף מן העץ ונוחת על כרית.","למה קשה לשנות? | מה עוזר לנסות משהו חדש? | איזה צעד קטן אפשר לעשות כשחוששים?","0–3 — כניסה ומסתורין: לא מתחילים בקריאה. מציגים חפץ/רמז ומעוררים סקרנות. [פתיחה] | 3–6 — הופעת הבובה הראשונה: הבובה מציגה בעיה קטנה או שאלה שמכניסה את הילדים לסיפור. [בובה] | 6–10 — חימום אינטראקטיבי: 2–3 שאלות קצרות, קולות או תנועה. אין תשובה 'נכונה'. [השתתפות] | 10–14 — חשיפת הספר: מראים את כריכת „קווין הקואלה תקוע למעלה” ומחברים בין מה שקרה לבין הספר. [ספר] | 14–21 — סיפור והמחזה – חלק א׳: מספרים במקטעים: ספר → בובה → שאלה → תגובת ילדים. [סיפור] | 21–25 — עצירת ניבוי: עוצרים בנקודת מתח ושואלים 3–4 ילדים מה לדעתם יקרה. [חשיבה] | 25–30 — רגע WOW: הקואלה יורד סוף סוף מן העץ ונוחת על כרית. [WOW] | 30–34 — סיפור והמחזה – חלק ב׳: ממשיכים אל הפתרון תוך שיתוף הילדים בפעולה או בקול חוזר. [סיפור] | 34–38 — משחק קצר: פעילות תנועה/בחירה/חיקוי הקשורה ישירות לנושא הסיפור. [משחק] | 38–42 — שאלות ומשמעות: עוברים מה קרה → איך הרגישו → למה → מה זה מזכיר לנו. [שיחה] | 42–44 — המסר דרך הבובה: הבובה מגלה משהו בעצמה. לא מכריזים 'מוסר ההשכל'. [מסר] | 44–45 — טקס סיום: „מי עשה היום את הסיפור?” — „אנחנו!” ואז פרידה קצרה. [סיום]","הקבוצה קשובה: ממשיכים בגרסה המלאה, מאפשרים ניחושים, תשובות ואלתור.","הקשב יורד: מפסיקים דיבור ומכניסים 30–60 שניות של תנועה, קול או פעולה עם בובה.","הקבוצה יצאה מאיזון: סוגרים זמנית את הספר, עושים משימה קבוצתית קצרה וברורה, ואז חוזרים לישיבה.","מקטעים קצרים והחלפה בין הקשבה, בובה, חפץ ותנועה. | אפשר להשתתף גם בהצבעה, חיקוי או צפייה — אין חובה לדבר. | לרגישות חושית: להפחית סאונד והפתעות ולהציג מראש את סדר הפעילות. | לקשיי שפה: להשתמש במשפטים קצרים ובשאלות בחירה. | לצורך ספציפי בגן: לתאם מראש עם הצוות ולא להניח אבחנה לפי התנהגות.","הספר המקורי | קואלה | חיות יער | ענף/עץ מקרטון | סולם צעצוע | טלפון טעון | רמקול – אופציונלי | כרטיס ההפעלה","https://www.e-vrit.co.il/product/11217/","real-cover","כן","לא","","לא","","","","",""
"s25","25","דאגנוזאור","רייצ'ל ברייט","","","","","","3–6","45 דקות","99","חרדה ודאגה","שעת סיפור והמחשה","כל השנה","דאגה | ויסות רגשי | ביטחון | מחשבות","דינוזאור קטן מגלה כיצד מחשבות של דאגה יכולות לגדול, וכיצד אפשר לזהות אותן ולחזור בהדרגה לתחושת ביטחון.","אפשר להרגיש דאגה, לדבר עליה ולמצוא דברים שעוזרים לנו להירגע.","דינוזאור","ענן מחשבות מנייר | כרטיסי רגשות | בקבוק נשימות/נצנצים סגור","ענן דאגה גדול מתפרק לכמה עננים קטנים שנעלמים.","איך מרגישים דאגה בגוף? | מה עוזר לכם להירגע? | עם מי אפשר לדבר כשדואגים?","0–3 — כניסה ומסתורין: לא מתחילים בקריאה. מציגים חפץ/רמז ומעוררים סקרנות. [פתיחה] | 3–6 — הופעת הבובה הראשונה: הבובה מציגה בעיה קטנה או שאלה שמכניסה את הילדים לסיפור. [בובה] | 6–10 — חימום אינטראקטיבי: 2–3 שאלות קצרות, קולות או תנועה. אין תשובה 'נכונה'. [השתתפות] | 10–14 — חשיפת הספר: מראים את כריכת „דאגנוזאור” ומחברים בין מה שקרה לבין הספר. [ספר] | 14–21 — סיפור והמחזה – חלק א׳: מספרים במקטעים: ספר → בובה → שאלה → תגובת ילדים. [סיפור] | 21–25 — עצירת ניבוי: עוצרים בנקודת מתח ושואלים 3–4 ילדים מה לדעתם יקרה. [חשיבה] | 25–30 — רגע WOW: ענן דאגה גדול מתפרק לכמה עננים קטנים שנעלמים. [WOW] | 30–34 — סיפור והמחזה – חלק ב׳: ממשיכים אל הפתרון תוך שיתוף הילדים בפעולה או בקול חוזר. [סיפור] | 34–38 — משחק קצר: פעילות תנועה/בחירה/חיקוי הקשורה ישירות לנושא הסיפור. [משחק] | 38–42 — שאלות ומשמעות: עוברים מה קרה → איך הרגישו → למה → מה זה מזכיר לנו. [שיחה] | 42–44 — המסר דרך הבובה: הבובה מגלה משהו בעצמה. לא מכריזים 'מוסר ההשכל'. [מסר] | 44–45 — טקס סיום: „מי עשה היום את הסיפור?” — „אנחנו!” ואז פרידה קצרה. [סיום]","הקבוצה קשובה: ממשיכים בגרסה המלאה, מאפשרים ניחושים, תשובות ואלתור.","הקשב יורד: מפסיקים דיבור ומכניסים 30–60 שניות של תנועה, קול או פעולה עם בובה.","הקבוצה יצאה מאיזון: סוגרים זמנית את הספר, עושים משימה קבוצתית קצרה וברורה, ואז חוזרים לישיבה.","מקטעים קצרים והחלפה בין הקשבה, בובה, חפץ ותנועה. | אפשר להשתתף גם בהצבעה, חיקוי או צפייה — אין חובה לדבר. | לרגישות חושית: להפחית סאונד והפתעות ולהציג מראש את סדר הפעילות. | לקשיי שפה: להשתמש במשפטים קצרים ובשאלות בחירה. | לצורך ספציפי בגן: לתאם מראש עם הצוות ולא להניח אבחנה לפי התנהגות.","הספר המקורי | דינוזאור | ענן מחשבות מנייר | כרטיסי רגשות | בקבוק נשימות/נצנצים סגור | טלפון טעון | רמקול – אופציונלי | כרטיס ההפעלה","https://www.e-vrit.co.il/product/25216/","real-cover","כן","לא","","לא","","","","",""
"s26","26","הגמל שלא רצה לצעוד","רייצ'ל ברייט","","","","","","3–6","45 דקות","96","מצב רוח וגישת חיים","שעת סיפור והמחשה","קיץ / כל השנה","תסכול | מצב רוח | גמישות | חברות","גמל עקשן וממורמר מתקשה להצטרף למסע, והמפגש עם האחרים מאפשר לו לשנות קצב ומצב רוח.","לפעמים אפשר להתחיל מצעד קטן גם כשאין לנו חשק.","גמל | חיות מדבר","בד חול | בקבוק מים צעצוע | שמש מנייר","הגמל שעמד במקום מתחיל לצעוד עם כל הילדים.","מה עושים כשאין חשק? | איך חבר יכול לעזור? | מתי צריך גם לנוח?","0–3 — כניסה ומסתורין: לא מתחילים בקריאה. מציגים חפץ/רמז ומעוררים סקרנות. [פתיחה] | 3–6 — הופעת הבובה הראשונה: הבובה מציגה בעיה קטנה או שאלה שמכניסה את הילדים לסיפור. [בובה] | 6–10 — חימום אינטראקטיבי: 2–3 שאלות קצרות, קולות או תנועה. אין תשובה 'נכונה'. [השתתפות] | 10–14 — חשיפת הספר: מראים את כריכת „הגמל שלא רצה לצעוד” ומחברים בין מה שקרה לבין הספר. [ספר] | 14–21 — סיפור והמחזה – חלק א׳: מספרים במקטעים: ספר → בובה → שאלה → תגובת ילדים. [סיפור] | 21–25 — עצירת ניבוי: עוצרים בנקודת מתח ושואלים 3–4 ילדים מה לדעתם יקרה. [חשיבה] | 25–30 — רגע WOW: הגמל שעמד במקום מתחיל לצעוד עם כל הילדים. [WOW] | 30–34 — סיפור והמחזה – חלק ב׳: ממשיכים אל הפתרון תוך שיתוף הילדים בפעולה או בקול חוזר. [סיפור] | 34–38 — משחק קצר: פעילות תנועה/בחירה/חיקוי הקשורה ישירות לנושא הסיפור. [משחק] | 38–42 — שאלות ומשמעות: עוברים מה קרה → איך הרגישו → למה → מה זה מזכיר לנו. [שיחה] | 42–44 — המסר דרך הבובה: הבובה מגלה משהו בעצמה. לא מכריזים 'מוסר ההשכל'. [מסר] | 44–45 — טקס סיום: „מי עשה היום את הסיפור?” — „אנחנו!” ואז פרידה קצרה. [סיום]","הקבוצה קשובה: ממשיכים בגרסה המלאה, מאפשרים ניחושים, תשובות ואלתור.","הקשב יורד: מפסיקים דיבור ומכניסים 30–60 שניות של תנועה, קול או פעולה עם בובה.","הקבוצה יצאה מאיזון: סוגרים זמנית את הספר, עושים משימה קבוצתית קצרה וברורה, ואז חוזרים לישיבה.","מקטעים קצרים והחלפה בין הקשבה, בובה, חפץ ותנועה. | אפשר להשתתף גם בהצבעה, חיקוי או צפייה — אין חובה לדבר. | לרגישות חושית: להפחית סאונד והפתעות ולהציג מראש את סדר הפעילות. | לקשיי שפה: להשתמש במשפטים קצרים ובשאלות בחירה. | לצורך ספציפי בגן: לתאם מראש עם הצוות ולא להניח אבחנה לפי התנהגות.","הספר המקורי | גמל | חיות מדבר | בד חול | בקבוק מים צעצוע | שמש מנייר | טלפון טעון | רמקול – אופציונלי | כרטיס ההפעלה","https://www.e-vrit.co.il/product/39733/","real-cover","כן","לא","","לא","","","","",""
"s27","27","חברים בכל מיני צבעים","חנה גולדברג","","","","","","2.5–6","45 דקות","96","קבלת השונה","שעת סיפור והמחשה","כל השנה","שונות | קבלה | חברות | סובלנות","סיפור שמציג ילדים וחברים השונים זה מזה ומאפשר לדבר בפשטות על כך ששונות היא חלק טבעי מקבוצה.","אפשר להיות שונים מאוד ועדיין להיות חברים.","בובות ילדים מגוונות","כרטיסי צבע | שרשרת ידידות","כל בובה מוסיפה צבע אחר לשרשרת משותפת.","במה חברים יכולים להיות שונים? | מה בכל זאת מחבר ביניהם? | איך מקבלים ילד חדש לקבוצה?","0–3 — כניסה ומסתורין: לא מתחילים בקריאה. מציגים חפץ/רמז ומעוררים סקרנות. [פתיחה] | 3–6 — הופעת הבובה הראשונה: הבובה מציגה בעיה קטנה או שאלה שמכניסה את הילדים לסיפור. [בובה] | 6–10 — חימום אינטראקטיבי: 2–3 שאלות קצרות, קולות או תנועה. אין תשובה 'נכונה'. [השתתפות] | 10–14 — חשיפת הספר: מראים את כריכת „חברים בכל מיני צבעים” ומחברים בין מה שקרה לבין הספר. [ספר] | 14–21 — סיפור והמחזה – חלק א׳: מספרים במקטעים: ספר → בובה → שאלה → תגובת ילדים. [סיפור] | 21–25 — עצירת ניבוי: עוצרים בנקודת מתח ושואלים 3–4 ילדים מה לדעתם יקרה. [חשיבה] | 25–30 — רגע WOW: כל בובה מוסיפה צבע אחר לשרשרת משותפת. [WOW] | 30–34 — סיפור והמחזה – חלק ב׳: ממשיכים אל הפתרון תוך שיתוף הילדים בפעולה או בקול חוזר. [סיפור] | 34–38 — משחק קצר: פעילות תנועה/בחירה/חיקוי הקשורה ישירות לנושא הסיפור. [משחק] | 38–42 — שאלות ומשמעות: עוברים מה קרה → איך הרגישו → למה → מה זה מזכיר לנו. [שיחה] | 42–44 — המסר דרך הבובה: הבובה מגלה משהו בעצמה. לא מכריזים 'מוסר ההשכל'. [מסר] | 44–45 — טקס סיום: „מי עשה היום את הסיפור?” — „אנחנו!” ואז פרידה קצרה. [סיום]","הקבוצה קשובה: ממשיכים בגרסה המלאה, מאפשרים ניחושים, תשובות ואלתור.","הקשב יורד: מפסיקים דיבור ומכניסים 30–60 שניות של תנועה, קול או פעולה עם בובה.","הקבוצה יצאה מאיזון: סוגרים זמנית את הספר, עושים משימה קבוצתית קצרה וברורה, ואז חוזרים לישיבה.","מקטעים קצרים והחלפה בין הקשבה, בובה, חפץ ותנועה. | אפשר להשתתף גם בהצבעה, חיקוי או צפייה — אין חובה לדבר. | לרגישות חושית: להפחית סאונד והפתעות ולהציג מראש את סדר הפעילות. | לקשיי שפה: להשתמש במשפטים קצרים ובשאלות בחירה. | לצורך ספציפי בגן: לתאם מראש עם הצוות ולא להניח אבחנה לפי התנהגות.","הספר המקורי | בובות ילדים מגוונות | כרטיסי צבע | שרשרת ידידות | טלפון טעון | רמקול – אופציונלי | כרטיס ההפעלה","https://www.e-vrit.co.il/product/12968/","real-cover","כן","לא","","לא","","","","",""
"s28","28","פעם היה ילד שלא רצה לישון לבדו","מירה מאיר","","","","","","2.5–5","45 דקות","96","שינה ופחדים","שעת סיפור והמחשה","חורף / ערב","שינה | פחד | ביטחון | משפחה","ילד שמתקשה להישאר לבדו בזמן השינה מחפש ביטחון, והסיפור פותח מקום לדבר על פחדים בלילה ועל דברים שעוזרים להירגע.","פחד בלילה הוא רגש שאפשר לדבר עליו ולמצוא לו עוגנים של ביטחון.","ילד | בובות חיות/דמויות מלוות","שמיכה | כרית | פנס לילה","פנס קטן נדלק ומגלה שהחדר מוכר ובטוח.","מה עוזר להרגיש בטוחים לפני השינה? | למי מספרים כשמפחדים? | איזה טקס ערב אתם אוהבים?","0–3 — כניסה ומסתורין: לא מתחילים בקריאה. מציגים חפץ/רמז ומעוררים סקרנות. [פתיחה] | 3–6 — הופעת הבובה הראשונה: הבובה מציגה בעיה קטנה או שאלה שמכניסה את הילדים לסיפור. [בובה] | 6–10 — חימום אינטראקטיבי: 2–3 שאלות קצרות, קולות או תנועה. אין תשובה 'נכונה'. [השתתפות] | 10–14 — חשיפת הספר: מראים את כריכת „פעם היה ילד שלא רצה לישון לבדו” ומחברים בין מה שקרה לבין הספר. [ספר] | 14–21 — סיפור והמחזה – חלק א׳: מספרים במקטעים: ספר → בובה → שאלה → תגובת ילדים. [סיפור] | 21–25 — עצירת ניבוי: עוצרים בנקודת מתח ושואלים 3–4 ילדים מה לדעתם יקרה. [חשיבה] | 25–30 — רגע WOW: פנס קטן נדלק ומגלה שהחדר מוכר ובטוח. [WOW] | 30–34 — סיפור והמחזה – חלק ב׳: ממשיכים אל הפתרון תוך שיתוף הילדים בפעולה או בקול חוזר. [סיפור] | 34–38 — משחק קצר: פעילות תנועה/בחירה/חיקוי הקשורה ישירות לנושא הסיפור. [משחק] | 38–42 — שאלות ומשמעות: עוברים מה קרה → איך הרגישו → למה → מה זה מזכיר לנו. [שיחה] | 42–44 — המסר דרך הבובה: הבובה מגלה משהו בעצמה. לא מכריזים 'מוסר ההשכל'. [מסר] | 44–45 — טקס סיום: „מי עשה היום את הסיפור?” — „אנחנו!” ואז פרידה קצרה. [סיום]","הקבוצה קשובה: ממשיכים בגרסה המלאה, מאפשרים ניחושים, תשובות ואלתור.","הקשב יורד: מפסיקים דיבור ומכניסים 30–60 שניות של תנועה, קול או פעולה עם בובה.","הקבוצה יצאה מאיזון: סוגרים זמנית את הספר, עושים משימה קבוצתית קצרה וברורה, ואז חוזרים לישיבה.","מקטעים קצרים והחלפה בין הקשבה, בובה, חפץ ותנועה. | אפשר להשתתף גם בהצבעה, חיקוי או צפייה — אין חובה לדבר. | לרגישות חושית: להפחית סאונד והפתעות ולהציג מראש את סדר הפעילות. | לקשיי שפה: להשתמש במשפטים קצרים ובשאלות בחירה. | לצורך ספציפי בגן: לתאם מראש עם הצוות ולא להניח אבחנה לפי התנהגות.","הספר המקורי | ילד | בובות חיות/דמויות מלוות | שמיכה | כרית | פנס לילה | טלפון טעון | רמקול – אופציונלי | כרטיס ההפעלה","https://www.e-vrit.co.il/product/12976/","real-cover","כן","לא","","לא","","","","",""
"s29","29","תפילילה","מאיה חנוך ומיכל כהן־חי","","","","","","2–6","45 דקות","96","רגיעה ושינה","שעת סיפור והמחשה","סיום יום / כל השנה","רגיעה | משפחה | התבוננות | ערב","טקסט ערב רך שמזמין לעצור, להתבונן בעולם הקרוב ולסיים את היום בתחושה רגועה ומחוברת.","אפשר לסיים יום בהודיה, שקט וקשר למה שיקר לנו.","בובה קבועה של סבא שמעון – אופציונלי","כוכבים מנייר | פנס קטן | בד שמיים","תקרת החדר מתמלאת בכוכבים מנייר/אור רך.","על מה אתם רוצים להגיד תודה היום? | מה היה רגע טוב היום? | מה עוזר לגוף להירגע?","0–3 — כניסה ומסתורין: לא מתחילים בקריאה. מציגים חפץ/רמז ומעוררים סקרנות. [פתיחה] | 3–6 — הופעת הבובה הראשונה: הבובה מציגה בעיה קטנה או שאלה שמכניסה את הילדים לסיפור. [בובה] | 6–10 — חימום אינטראקטיבי: 2–3 שאלות קצרות, קולות או תנועה. אין תשובה 'נכונה'. [השתתפות] | 10–14 — חשיפת הספר: מראים את כריכת „תפילילה” ומחברים בין מה שקרה לבין הספר. [ספר] | 14–21 — סיפור והמחזה – חלק א׳: מספרים במקטעים: ספר → בובה → שאלה → תגובת ילדים. [סיפור] | 21–25 — עצירת ניבוי: עוצרים בנקודת מתח ושואלים 3–4 ילדים מה לדעתם יקרה. [חשיבה] | 25–30 — רגע WOW: תקרת החדר מתמלאת בכוכבים מנייר/אור רך. [WOW] | 30–34 — סיפור והמחזה – חלק ב׳: ממשיכים אל הפתרון תוך שיתוף הילדים בפעולה או בקול חוזר. [סיפור] | 34–38 — משחק קצר: פעילות תנועה/בחירה/חיקוי הקשורה ישירות לנושא הסיפור. [משחק] | 38–42 — שאלות ומשמעות: עוברים מה קרה → איך הרגישו → למה → מה זה מזכיר לנו. [שיחה] | 42–44 — המסר דרך הבובה: הבובה מגלה משהו בעצמה. לא מכריזים 'מוסר ההשכל'. [מסר] | 44–45 — טקס סיום: „מי עשה היום את הסיפור?” — „אנחנו!” ואז פרידה קצרה. [סיום]","הקבוצה קשובה: ממשיכים בגרסה המלאה, מאפשרים ניחושים, תשובות ואלתור.","הקשב יורד: מפסיקים דיבור ומכניסים 30–60 שניות של תנועה, קול או פעולה עם בובה.","הקבוצה יצאה מאיזון: סוגרים זמנית את הספר, עושים משימה קבוצתית קצרה וברורה, ואז חוזרים לישיבה.","מקטעים קצרים והחלפה בין הקשבה, בובה, חפץ ותנועה. | אפשר להשתתף גם בהצבעה, חיקוי או צפייה — אין חובה לדבר. | לרגישות חושית: להפחית סאונד והפתעות ולהציג מראש את סדר הפעילות. | לקשיי שפה: להשתמש במשפטים קצרים ובשאלות בחירה. | לצורך ספציפי בגן: לתאם מראש עם הצוות ולא להניח אבחנה לפי התנהגות.","הספר המקורי | בובה קבועה של סבא שמעון – אופציונלי | כוכבים מנייר | פנס קטן | בד שמיים | טלפון טעון | רמקול – אופציונלי | כרטיס ההפעלה","https://www.e-vrit.co.il/product/9143/","real-cover","כן","לא","","לא","","","","",""
"s30","30","שני סנאים ואצטרובל","רייצ'ל ברייט וג'ים פילד","","","","","","3–6","45 דקות","96","שיתוף פעולה","שעת סיפור והמחשה","סתיו / חורף","שיתוף פעולה | תחרות | חברות | סתיו","שני סנאים רוצים אותו אוצר קטן ונכנסים לתחרות, עד שהם מגלים ששיתוף פעולה וחברות חשובים יותר מהניצחון.","לא כל דבר צריך להפוך לתחרות; לפעמים מרוויחים יותר כשמשתפים פעולה.","2 סנאים","אצטרובל גדול | ענפים | עלי סתיו","האצטרובל 'בורח' בין הסנאים והילדים צריכים לעזור להם לעבוד יחד.","מה קורה כששנינו רוצים אותו דבר? | איך אפשר לפתור ויכוח? | מתי שיתוף פעולה עדיף על תחרות?","0–3 — כניסה ומסתורין: לא מתחילים בקריאה. מציגים חפץ/רמז ומעוררים סקרנות. [פתיחה] | 3–6 — הופעת הבובה הראשונה: הבובה מציגה בעיה קטנה או שאלה שמכניסה את הילדים לסיפור. [בובה] | 6–10 — חימום אינטראקטיבי: 2–3 שאלות קצרות, קולות או תנועה. אין תשובה 'נכונה'. [השתתפות] | 10–14 — חשיפת הספר: מראים את כריכת „שני סנאים ואצטרובל” ומחברים בין מה שקרה לבין הספר. [ספר] | 14–21 — סיפור והמחזה – חלק א׳: מספרים במקטעים: ספר → בובה → שאלה → תגובת ילדים. [סיפור] | 21–25 — עצירת ניבוי: עוצרים בנקודת מתח ושואלים 3–4 ילדים מה לדעתם יקרה. [חשיבה] | 25–30 — רגע WOW: האצטרובל 'בורח' בין הסנאים והילדים צריכים לעזור להם לעבוד יחד. [WOW] | 30–34 — סיפור והמחזה – חלק ב׳: ממשיכים אל הפתרון תוך שיתוף הילדים בפעולה או בקול חוזר. [סיפור] | 34–38 — משחק קצר: פעילות תנועה/בחירה/חיקוי הקשורה ישירות לנושא הסיפור. [משחק] | 38–42 — שאלות ומשמעות: עוברים מה קרה → איך הרגישו → למה → מה זה מזכיר לנו. [שיחה] | 42–44 — המסר דרך הבובה: הבובה מגלה משהו בעצמה. לא מכריזים 'מוסר ההשכל'. [מסר] | 44–45 — טקס סיום: „מי עשה היום את הסיפור?” — „אנחנו!” ואז פרידה קצרה. [סיום]","הקבוצה קשובה: ממשיכים בגרסה המלאה, מאפשרים ניחושים, תשובות ואלתור.","הקשב יורד: מפסיקים דיבור ומכניסים 30–60 שניות של תנועה, קול או פעולה עם בובה.","הקבוצה יצאה מאיזון: סוגרים זמנית את הספר, עושים משימה קבוצתית קצרה וברורה, ואז חוזרים לישיבה.","מקטעים קצרים והחלפה בין הקשבה, בובה, חפץ ותנועה. | אפשר להשתתף גם בהצבעה, חיקוי או צפייה — אין חובה לדבר. | לרגישות חושית: להפחית סאונד והפתעות ולהציג מראש את סדר הפעילות. | לקשיי שפה: להשתמש במשפטים קצרים ובשאלות בחירה. | לצורך ספציפי בגן: לתאם מראש עם הצוות ולא להניח אבחנה לפי התנהגות.","הספר המקורי | 2 סנאים | אצטרובל גדול | ענפים | עלי סתיו | טלפון טעון | רמקול – אופציונלי | כרטיס ההפעלה","https://www.e-vrit.co.il/product/20913/","real-cover","כן","לא","","לא","","","","",""